{
  "Version": "1",
  "Name": "main",
  "Items": [
    {
      "Name": "Сталин ПСС",
      "Selected": false,
      "Description": "Институт Маркса-Энгельса-Ленина при ЦК ВКП(б)",
      "Files": [
        {
          "Name": "том 1",
          "Path": "stalin-t01.lsi"
        },
        {
          "Name": "том 2",
          "Path": "stalin-t02.lsi"
        },
        {
          "Name": "том 3",
          "Path": "stalin-t03.lsi"
        },
        {
          "Name": "том 4",
          "Path": "stalin-t04.lsi"
        },
        {
          "Name": "том 5",
          "Path": "stalin-t05.lsi"
        },
        {
          "Name": "том 6",
          "Path": "stalin-t06.lsi"
        },
        {
          "Name": "том 7",
          "Path": "stalin-t07.lsi"
        },
        {
          "Name": "том 8",
          "Path": "stalin-t08.lsi"
        },
        {
          "Name": "том 9",
          "Path": "stalin-t09.lsi"
        },
        {
          "Name": "том 10",
          "Path": "stalin-t10.lsi"
        },
        {
          "Name": "том 11",
          "Path": "stalin-t11.lsi"
        },
        {
          "Name": "том 12",
          "Path": "stalin-t12.lsi"
        },
        {
          "Name": "том 13",
          "Path": "stalin-t13.lsi"
        },
        {
          "Name": "том 14",
          "Path": "stalin-t14.lsi"
        },
        {
          "Name": "том 15",
          "Path": "stalin-t15.lsi"
        },
        {
          "Name": "том 16",
          "Path": "stalin-t16.lsi"
        },
        {
          "Name": "том 17",
          "Path": "stalin-t17.lsi"
        },
        {
          "Name": "том 18",
          "Path": "stalin-t18.lsi"
        }
      ]
    }
  ]
}