[
  {
    "Name": "Ленин ПСС",
    "Selected": true,
    "Description": "ИЗДАТЕЛЬСТВО ПОЛИТИЧЕСКОЙ ЛИТЕРАТУРЫ МОСКВА 1967",
    "Files": [
      {
        "Name": "том 1",
        "Path": "lenin-t01.lsi"
      },
      {
        "Name": "том 2",
        "Path": "lenin-t02.lsi"
      },
      {
        "Name": "том 3",
        "Path": "lenin-t03.lsi"
      },
      {
        "Name": "том 4",
        "Path": "lenin-t04.lsi"
      },
      {
        "Name": "том 5",
        "Path": "lenin-t05.lsi"
      },
      {
        "Name": "том 6",
        "Path": "lenin-t06.lsi"
      },
      {
        "Name": "том 7",
        "Path": "lenin-t07.lsi"
      },
      {
        "Name": "том 8",
        "Path": "lenin-t08.lsi"
      },
      {
        "Name": "том 9",
        "Path": "lenin-t09.lsi"
      },
      {
        "Name": "том 10",
        "Path": "lenin-t10.lsi"
      },
      {
        "Name": "том 11",
        "Path": "lenin-t11.lsi"
      },
      {
        "Name": "том 12",
        "Path": "lenin-t12.lsi"
      },
      {
        "Name": "том 13",
        "Path": "lenin-t13.lsi"
      },
      {
        "Name": "том 14",
        "Path": "lenin-t14.lsi"
      },
      {
        "Name": "том 15",
        "Path": "lenin-t15.lsi"
      },
      {
        "Name": "том 16",
        "Path": "lenin-t16.lsi"
      },
      {
        "Name": "том 17",
        "Path": "lenin-t17.lsi"
      },
      {
        "Name": "том 18",
        "Path": "lenin-t18.lsi"
      },
      {
        "Name": "том 19",
        "Path": "lenin-t19.lsi"
      },
      {
        "Name": "том 20",
        "Path": "lenin-t20.lsi"
      },
      {
        "Name": "том 21",
        "Path": "lenin-t21.lsi"
      },
      {
        "Name": "том 22",
        "Path": "lenin-t22.lsi"
      },
      {
        "Name": "том 23",
        "Path": "lenin-t23.lsi"
      },
      {
        "Name": "том 24",
        "Path": "lenin-t24.lsi"
      },
      {
        "Name": "том 25",
        "Path": "lenin-t25.lsi"
      },
      {
        "Name": "том 26",
        "Path": "lenin-t26.lsi"
      },
      {
        "Name": "том 27",
        "Path": "lenin-t27.lsi"
      },
      {
        "Name": "том 28",
        "Path": "lenin-t28.lsi"
      },
      {
        "Name": "том 29",
        "Path": "lenin-t29.lsi"
      },
      {
        "Name": "том 30",
        "Path": "lenin-t30.lsi"
      },
      {
        "Name": "том 31",
        "Path": "lenin-t31.lsi"
      },
      {
        "Name": "том 32",
        "Path": "lenin-t32.lsi"
      },
      {
        "Name": "том 33",
        "Path": "lenin-t33.lsi"
      },
      {
        "Name": "том 34",
        "Path": "lenin-t34.lsi"
      },
      {
        "Name": "том 35",
        "Path": "lenin-t35.lsi"
      },
      {
        "Name": "том 36",
        "Path": "lenin-t36.lsi"
      },
      {
        "Name": "том 37",
        "Path": "lenin-t37.lsi"
      },
      {
        "Name": "том 38",
        "Path": "lenin-t38.lsi"
      },
      {
        "Name": "том 39",
        "Path": "lenin-t39.lsi"
      },
      {
        "Name": "том 40",
        "Path": "lenin-t40.lsi"
      },
      {
        "Name": "том 41",
        "Path": "lenin-t41.lsi"
      },
      {
        "Name": "том 42",
        "Path": "lenin-t42.lsi"
      },
      {
        "Name": "том 43",
        "Path": "lenin-t43.lsi"
      },
      {
        "Name": "том 44",
        "Path": "lenin-t44.lsi"
      },
      {
        "Name": "том 45",
        "Path": "lenin-t45.lsi"
      },
      {
        "Name": "том 46",
        "Path": "lenin-t46.lsi"
      },
      {
        "Name": "том 47",
        "Path": "lenin-t47.lsi"
      },
      {
        "Name": "том 48",
        "Path": "lenin-t48.lsi"
      },
      {
        "Name": "том 49",
        "Path": "lenin-t49.lsi"
      },
      {
        "Name": "том 50",
        "Path": "lenin-t50.lsi"
      },
      {
        "Name": "том 51",
        "Path": "lenin-t51.lsi"
      },
      {
        "Name": "том 52",
        "Path": "lenin-t52.lsi"
      },
      {
        "Name": "том 53",
        "Path": "lenin-t53.lsi"
      },
      {
        "Name": "том 54",
        "Path": "lenin-t54.lsi"
      },
      {
        "Name": "том 55",
        "Path": "lenin-t55.lsi"
      }
    ]
  },
  {
    "Name": "Сталин ПСС",
    "Selected": false,
    "Description": "Институт Маркса-Энгельса-Ленина при ЦК ВКП(б)",
    "Files": [
      {
        "Name": "том 1",
        "Path": "stalin-t01.lsi"
      },
      {
        "Name": "том 2",
        "Path": "stalin-t02.lsi"
      },
      {
        "Name": "том 3",
        "Path": "stalin-t03.lsi"
      },
      {
        "Name": "том 4",
        "Path": "stalin-t04.lsi"
      },
      {
        "Name": "том 5",
        "Path": "stalin-t05.lsi"
      },
      {
        "Name": "том 6",
        "Path": "stalin-t06.lsi"
      },
      {
        "Name": "том 7",
        "Path": "stalin-t07.lsi"
      },
      {
        "Name": "том 8",
        "Path": "stalin-t08.lsi"
      },
      {
        "Name": "том 9",
        "Path": "stalin-t09.lsi"
      },
      {
        "Name": "том 10",
        "Path": "stalin-t10.lsi"
      },
      {
        "Name": "том 11",
        "Path": "stalin-t11.lsi"
      },
      {
        "Name": "том 12",
        "Path": "stalin-t12.lsi"
      },
      {
        "Name": "том 13",
        "Path": "stalin-t13.lsi"
      },
      {
        "Name": "том 14",
        "Path": "stalin-t14.lsi"
      },
      {
        "Name": "том 15",
        "Path": "stalin-t15.lsi"
      },
      {
        "Name": "том 16",
        "Path": "stalin-t16.lsi"
      },
      {
        "Name": "том 17",
        "Path": "stalin-t17.lsi"
      },
      {
        "Name": "том 18",
        "Path": "stalin-t18.lsi"
      }
    ]
  },
  {
    "Name": "Маркс-Энгельс ПСС",
    "Selected": false,
    "Description": "ГОСУДАРСТВЕННОЕ ИЗДАТЕЛЬСТВО ПОЛИТИЧЕСКОЙ ЛИТЕРАТУРЫ Москва 1955",
    "Files": [
      {
        "Name": "том 1",
        "Path": "marxengels-t01.lsi"
      },
      {
        "Name": "том 2",
        "Path": "marxengels-t02.lsi"
      },
      {
        "Name": "том 3",
        "Path": "marxengels-t03.lsi"
      },
      {
        "Name": "том 4",
        "Path": "marxengels-t04.lsi"
      },
      {
        "Name": "том 5",
        "Path": "marxengels-t05.lsi"
      },
      {
        "Name": "том 6",
        "Path": "marxengels-t06.lsi"
      },
      {
        "Name": "том 7",
        "Path": "marxengels-t07.lsi"
      },
      {
        "Name": "том 8",
        "Path": "marxengels-t08.lsi"
      },
      {
        "Name": "том 9",
        "Path": "marxengels-t09.lsi"
      },
      {
        "Name": "том 10",
        "Path": "marxengels-t10.lsi"
      },
      {
        "Name": "том 11",
        "Path": "marxengels-t11.lsi"
      },
      {
        "Name": "том 12",
        "Path": "marxengels-t12.lsi"
      },
      {
        "Name": "том 13",
        "Path": "marxengels-t13.lsi"
      },
      {
        "Name": "том 14",
        "Path": "marxengels-t14.lsi"
      },
      {
        "Name": "том 15",
        "Path": "marxengels-t15.lsi"
      },
      {
        "Name": "том 16",
        "Path": "marxengels-t16.lsi"
      },
      {
        "Name": "том 17",
        "Path": "marxengels-t17.lsi"
      },
      {
        "Name": "том 18",
        "Path": "marxengels-t18.lsi"
      },
      {
        "Name": "том 19",
        "Path": "marxengels-t19.lsi"
      },
      {
        "Name": "том 20",
        "Path": "marxengels-t20.lsi"
      },
      {
        "Name": "том 21",
        "Path": "marxengels-t21.lsi"
      },
      {
        "Name": "том 22",
        "Path": "marxengels-t22.lsi"
      },
      {
        "Name": "том 23",
        "Path": "marxengels-t23.lsi"
      },
      {
        "Name": "том 24",
        "Path": "marxengels-t24.lsi"
      },
      {
        "Name": "том 25-1",
        "Path": "marxengels-t25-1.lsi"
      },
      {
        "Name": "том 25-2",
        "Path": "marxengels-t25-2.lsi"
      },
      {
        "Name": "том 26-1",
        "Path": "marxengels-t26-1.lsi"
      },
      {
        "Name": "том 26-2",
        "Path": "marxengels-t26-2.lsi"
      },
      {
        "Name": "том 26-3",
        "Path": "marxengels-t26-3.lsi"
      },
      {
        "Name": "том 27",
        "Path": "marxengels-t27.lsi"
      },
      {
        "Name": "том 28",
        "Path": "marxengels-t28.lsi"
      },
      {
        "Name": "том 29",
        "Path": "marxengels-t29.lsi"
      },
      {
        "Name": "том 30",
        "Path": "marxengels-t30.lsi"
      },
      {
        "Name": "том 31",
        "Path": "marxengels-t31.lsi"
      },
      {
        "Name": "том 32",
        "Path": "marxengels-t32.lsi"
      },
      {
        "Name": "том 33",
        "Path": "marxengels-t33.lsi"
      },
      {
        "Name": "том 34",
        "Path": "marxengels-t34.lsi"
      },
      {
        "Name": "том 35",
        "Path": "marxengels-t35.lsi"
      },
      {
        "Name": "том 36",
        "Path": "marxengels-t36.lsi"
      },
      {
        "Name": "том 37",
        "Path": "marxengels-t37.lsi"
      },
      {
        "Name": "том 38",
        "Path": "marxengels-t38.lsi"
      },
      {
        "Name": "том 39",
        "Path": "marxengels-t39.lsi"
      },
      {
        "Name": "том 40",
        "Path": "marxengels-t40.lsi"
      },
      {
        "Name": "том 41",
        "Path": "marxengels-t41.lsi"
      },
      {
        "Name": "том 42",
        "Path": "marxengels-t42.lsi"
      },
      {
        "Name": "том 43",
        "Path": "marxengels-t43.lsi"        
      },
      {
        "Name": "том 44",
        "Path": "marxengels-t44.lsi"        
      },
      {
        "Name": "том 45",
        "Path": "marxengels-t45.lsi"        
      },
      {
        "Name": "том 46-1",
        "Path": "marxengels-t46-1.lsi"        
      },
      {
        "Name": "том 46-2",
        "Path": "marxengels-t46-2.lsi"        
      },
      {
        "Name": "том 47",
        "Path": "marxengels-t47.lsi"        
      },
      {
        "Name": "том 48",
        "Path": "marxengels-t48.lsi"        
      },
      {
        "Name": "том 49",
        "Path": "marxengels-t49.lsi"        
      },
      {
        "Name": "том 50",
        "Path": "marxengels-t50.lsi"        
      }
    ]
  },
  {
    "Name": "Гегель Наука Логики",
    "Selected": false,
    "Description": "Primedia E-launch LLC, 2017",
    "Files": [
      {
        "Name": "том 1. Объективная логика",
        "Path": "hegel-objective-logic.lsi"        
      },
      {
        "Name": "том 2. Субъективная логика",
        "Path": "hegel-subjective-logic.lsi"        
      }
    ]
  }
]