{
  "Version": "1",
  "Name": "main",
  "Items": [
    {
      "Name": "Ленин ПСС",
      "Selected": true,
      "Description": "ИЗДАТЕЛЬСТВО ПОЛИТИЧЕСКОЙ ЛИТЕРАТУРЫ МОСКВА 1967",
      "Files": [
        {
          "Name": "том 1",
          "Path": "lenin-t01.ls",
          "Hash": "8d0f31272fccc6a5937a7b10c377d80d"
        },
        {
          "Name": "том 2",
          "Path": "lenin-t02.ls",
          "Hash": "b63a9be2abfe8b4a80336494c84f1c7c"
        },
        {
          "Name": "том 3",
          "Path": "lenin-t03.ls",
          "Hash": "c09132f7dab735cf34d4d84f6b8f0038"
        },
        {
          "Name": "том 4",
          "Path": "lenin-t04.ls",
          "Hash": "22095edeef14837f5b96838c9e819f03"
        },
        {
          "Name": "том 5",
          "Path": "lenin-t05.ls",
          "Hash": "d36be978569d00e5ac62f9c9d77e3f64"
        },
        {
          "Name": "том 6",
          "Path": "lenin-t06.ls",
          "Hash": "45dbbd56a4b4e01e533061573307a232"
        },
        {
          "Name": "том 7",
          "Path": "lenin-t07.ls",
          "Hash": "2dbca1914566611b9f3d76e21c3958ab"
        },
        {
          "Name": "том 8",
          "Path": "lenin-t08.ls",
          "Hash": "9c651682b1aa53d4a82921eaa1e7182f"
        },
        {
          "Name": "том 9",
          "Path": "lenin-t09.ls",
          "Hash": "27355ce06eb95aff66d59beb892a0add"
        },
        {
          "Name": "том 10",
          "Path": "lenin-t10.ls",
          "Hash": "6777a1d65ee09755ab6f30a73b8f34f8"
        },
        {
          "Name": "том 11",
          "Path": "lenin-t11.ls",
          "Hash": "434a43b05218e30918ae7f4b7c319be7"
        },
        {
          "Name": "том 12",
          "Path": "lenin-t12.ls",
          "Hash": "cd2f37e33f90c76badded91681bc8ce1"
        },
        {
          "Name": "том 13",
          "Path": "lenin-t13.ls",
          "Hash": "d0d77037aacd0e702a9fe7fe257181a1"
        },
        {
          "Name": "том 14",
          "Path": "lenin-t14.ls",
          "Hash": "4f8411dfb5d9c35114c5406df87a7bad"
        },
        {
          "Name": "том 15",
          "Path": "lenin-t15.ls",
          "Hash": "978fee56a5eb3f88040593dccf67d6d9"
        },
        {
          "Name": "том 16",
          "Path": "lenin-t16.ls",
          "Hash": "56dd23d40e26fb5202c5c14df904a2c3"
        },
        {
          "Name": "том 17",
          "Path": "lenin-t17.ls",
          "Hash": "fd00458bc40cde8a5d554cf222efebcd"
        },
        {
          "Name": "том 18",
          "Path": "lenin-t18.ls",
          "Hash": "04ea7bff08de4218afffc5948e556967"
        },
        {
          "Name": "том 19",
          "Path": "lenin-t19.ls",
          "Hash": "eb65e0d84ba4462ebf2f6d8bf9a76de7"
        },
        {
          "Name": "том 20",
          "Path": "lenin-t20.ls",
          "Hash": "bd2cce27875851109ba60872203fd9a5"
        },
        {
          "Name": "том 21",
          "Path": "lenin-t21.ls",
          "Hash": "0c613b9ea9e80dea27d3843664f27e7a"
        },
        {
          "Name": "том 22",
          "Path": "lenin-t22.ls",
          "Hash": "41d133451a1f6fe96835db6f2d23ccba"
        },
        {
          "Name": "том 23",
          "Path": "lenin-t23.ls",
          "Hash": "dad5ea172df9212c6c22a7f732b387e4"
        },
        {
          "Name": "том 24",
          "Path": "lenin-t24.ls",
          "Hash": "65b056dd0b6c12bbf24ef5b36c62cd76"
        },
        {
          "Name": "том 25",
          "Path": "lenin-t25.ls",
          "Hash": "19b3b2e371eaeeb7e017c02ceb8971f5"
        },
        {
          "Name": "том 26",
          "Path": "lenin-t26.ls",
          "Hash": "18edd0bb8ce78652d6c73aa57303b7a8"
        },
        {
          "Name": "том 27",
          "Path": "lenin-t27.ls",
          "Hash": "44e19fb0b1a4901d38bf0cd3920c474d"
        },
        {
          "Name": "том 28",
          "Path": "lenin-t28.ls",
          "Hash": "91b17f9f0424f6872901f009fe2f8e2e"
        },
        {
          "Name": "том 29",
          "Path": "lenin-t29.ls",
          "Hash": "eb1c4ede18882a46707c04c90a7be22f"
        },
        {
          "Name": "том 30",
          "Path": "lenin-t30.ls",
          "Hash": "7e9336d4331052e7abcdf0538261b358"
        },
        {
          "Name": "том 31",
          "Path": "lenin-t31.ls",
          "Hash": "bfceb54f8cf6d817cd102a02bfba966e"
        },
        {
          "Name": "том 32",
          "Path": "lenin-t32.ls",
          "Hash": "49e0afe27cecd9fa3bb9e4bd02ebe145"
        },
        {
          "Name": "том 33",
          "Path": "lenin-t33.ls",
          "Hash": "60a174846d1566368c03e3d9e5503529"
        },
        {
          "Name": "том 34",
          "Path": "lenin-t34.ls",
          "Hash": "3eb0bd894ab15fccca60ea526d6a3a27"
        },
        {
          "Name": "том 35",
          "Path": "lenin-t35.ls",
          "Hash": "342c8d9521154b069c7f688ce38cdaa5"
        },
        {
          "Name": "том 36",
          "Path": "lenin-t36.ls",
          "Hash": "dc61077cfd26290ae717a71451aa599c"
        },
        {
          "Name": "том 37",
          "Path": "lenin-t37.ls",
          "Hash": "b81719d2062d6607b777c061d9a79ca1"
        },
        {
          "Name": "том 38",
          "Path": "lenin-t38.ls",
          "Hash": "6683c793d9ee3c89ad222eab30abe95f"
        },
        {
          "Name": "том 39",
          "Path": "lenin-t39.ls",
          "Hash": "a8c509bc779e696a31ac1f67901608d0"
        },
        {
          "Name": "том 40",
          "Path": "lenin-t40.ls",
          "Hash": "84b0ad4af32cbbe32d6a2f5ec1a1c549"
        },
        {
          "Name": "том 41",
          "Path": "lenin-t41.ls",
          "Hash": "3faa43afab19f8989fe31c9edec86535"
        },
        {
          "Name": "том 42",
          "Path": "lenin-t42.ls",
          "Hash": "138942a747f14e510e84b13d55d6e8fd"
        },
        {
          "Name": "том 43",
          "Path": "lenin-t43.ls",
          "Hash": "20a7190dc6acbc00b6a86b6aa1decbb5"
        },
        {
          "Name": "том 44",
          "Path": "lenin-t44.ls",
          "Hash": "13ba7022df62e78f4faa3122324509d8"
        },
        {
          "Name": "том 45",
          "Path": "lenin-t45.ls",
          "Hash": "eb92d51e1e56a39f890086916c5e0e84"
        },
        {
          "Name": "том 46",
          "Path": "lenin-t46.ls",
          "Hash": "625bde704650d805fcf96a0cdac334cb"
        },
        {
          "Name": "том 47",
          "Path": "lenin-t47.ls",
          "Hash": "fd9e28f5af353e3d6038b88e025747cd"
        },
        {
          "Name": "том 48",
          "Path": "lenin-t48.ls",
          "Hash": "24b96f55b19722b8ba035bc984e3b4d0"
        },
        {
          "Name": "том 49",
          "Path": "lenin-t49.ls",
          "Hash": "54c142cdcaf17298fde61c86f612683f"
        },
        {
          "Name": "том 50",
          "Path": "lenin-t50.ls",
          "Hash": "862f0b04b42d8cfe5a7871a012762901"
        },
        {
          "Name": "том 51",
          "Path": "lenin-t51.ls",
          "Hash": "86523a999fcd0bda36a6ce52305536e0"
        },
        {
          "Name": "том 52",
          "Path": "lenin-t52.ls",
          "Hash": "b22cdb90eac4cc9c81accfa3549d393b"
        },
        {
          "Name": "том 53",
          "Path": "lenin-t53.ls",
          "Hash": "cdc060be9332db5888f7c74de2eea29f"
        },
        {
          "Name": "том 54",
          "Path": "lenin-t54.ls",
          "Hash": "d1ea32310d52c63e750c6a5ac6902c5a"
        },
        {
          "Name": "том 55",
          "Path": "lenin-t55.ls",
          "Hash": "5b992bbae7518c8d1e66c3cd83736c27"
        }
      ]
    },
    {
      "Name": "Сталин ПСС",
      "Selected": false,
      "Description": "Институт Маркса-Энгельса-Ленина при ЦК ВКП(б)",
      "Files": [
        {
          "Name": "том 1",
          "Path": "stalin-t01.ls",
          "Hash": "988a448abeaeba28f038e166dced17c0"
        },
        {
          "Name": "том 2",
          "Path": "stalin-t02.ls",
          "Hash": "9cf2cb4606fac07e9ba4319038b86819"
        },
        {
          "Name": "том 3",
          "Path": "stalin-t03.ls",
          "Hash": "c22ae1466e2b84d4b4383dd6920a0f36"
        },
        {
          "Name": "том 4",
          "Path": "stalin-t04.ls",
          "Hash": "87410426f4824482fba25fd4dea78c6e"
        },
        {
          "Name": "том 5",
          "Path": "stalin-t05.ls",
          "Hash": "af8c98bbf14b75ed5c92e0def67f3344"
        },
        {
          "Name": "том 6",
          "Path": "stalin-t06.ls",
          "Hash": "08ced0c7b733e68780a84d9e76712142"
        },
        {
          "Name": "том 7",
          "Path": "stalin-t07.ls",
          "Hash": "b158ebf1c2bbd929c9a3f00f414fc2a7"
        },
        {
          "Name": "том 8",
          "Path": "stalin-t08.ls",
          "Hash": "aaee6eeb13f01facd0e9eac38a9785eb"
        },
        {
          "Name": "том 9",
          "Path": "stalin-t09.ls",
          "Hash": "ea28e17c33ccc32f9d16393045f2ccbd"
        },
        {
          "Name": "том 10",
          "Path": "stalin-t10.ls",
          "Hash": "c2a7f32f714294e973fff4f8d9428057"
        },
        {
          "Name": "том 11",
          "Path": "stalin-t11.ls",
          "Hash": "88f0e06554f026e1562e6fe08e23a017"
        },
        {
          "Name": "том 12",
          "Path": "stalin-t12.ls",
          "Hash": "5f2acaa5e9429f4c32f129773ecca798"
        },
        {
          "Name": "том 13",
          "Path": "stalin-t13.ls",
          "Hash": "076dd9a6be2dd5735ffcce4faa89888e"
        },
        {
          "Name": "том 14",
          "Path": "stalin-t14.ls",
          "Hash": "908fb20fba94772f396ab99a241cd4a3"
        },
        {
          "Name": "том 15",
          "Path": "stalin-t15.ls",
          "Hash": "6e1b10016defb6804fc2a67ec1075548"
        },
        {
          "Name": "том 16",
          "Path": "stalin-t16.ls",
          "Hash": "9f1153648713de5a77f3a452eadb64b0"
        },
        {
          "Name": "том 17",
          "Path": "stalin-t17.ls",
          "Hash": "5039977deace61567dcf12e2ca9f9d9c"
        },
        {
          "Name": "том 18",
          "Path": "stalin-t18.ls",
          "Hash": "299b6e28cb9199f76f10635cc450d473"
        }
      ]
    },
    {
      "Name": "Маркс-Энгельс ПСС",
      "Selected": false,
      "Description": "ГОСУДАРСТВЕННОЕ ИЗДАТЕЛЬСТВО ПОЛИТИЧЕСКОЙ ЛИТЕРАТУРЫ Москва 1955",
      "Files": [
        {
          "Name": "том 1",
          "Path": "marx-engels-t01.ls",
          "Hash": "ff4124c2210aa6c04b4a8a9a4a3ccc3f"
        },
        {
          "Name": "том 2",
          "Path": "marx-engels-t02.ls",
          "Hash": "b9b86e24b07b785a80f28effdb30978a"
        },
        {
          "Name": "том 2",
          "Path": "marx-engels-t02-1.ls",
          "Hash": "1bc46e8a87a9c4fe33fc05cf14af1e66"
        },
        {
          "Name": "том 3",
          "Path": "marx-engels-t03.ls",
          "Hash": "cfc882fc8dfd0409bc2feaf0125060ed"
        },
        {
          "Name": "том 4",
          "Path": "marx-engels-t04.ls",
          "Hash": "c8379a2c9b63a99ed714dca9efd8a262"
        },
        {
          "Name": "том 5",
          "Path": "marx-engels-t05.ls",
          "Hash": "da4b942d752c7c9e1024cc1fec58d64e"
        },
        {
          "Name": "том 6",
          "Path": "marx-engels-t06.ls",
          "Hash": "5a1cf5cbc03db0b15f61c5bf1559c252"
        },
        {
          "Name": "том 7",
          "Path": "marx-engels-t07.ls",
          "Hash": "2a667c87c91a02c04622f556ccf64269"
        },
        {
          "Name": "том 8",
          "Path": "marx-engels-t08.ls",
          "Hash": "72ba0dcf0889a7bdb73be485227eebdd"
        },
        {
          "Name": "том 9",
          "Path": "marx-engels-t09.ls",
          "Hash": "8631f47a2ed899aa65bebd04711a974f"
        },
        {
          "Name": "том 10",
          "Path": "marx-engels-t10.ls",
          "Hash": "45214521eb69a4d6dc0fdc5696d44d95"
        },
        {
          "Name": "том 11",
          "Path": "marx-engels-t11.ls",
          "Hash": "a5fd95871cd3662e1e0d39b1ad25b751"
        },
        {
          "Name": "том 12",
          "Path": "marx-engels-t12.ls",
          "Hash": "fbff9338057cf7621c9510f7f022a7d2"
        },
        {
          "Name": "том 13",
          "Path": "marx-engels-t13.ls",
          "Hash": "19eb29ac9595e278882d114f2f6a7bc1"
        },
        {
          "Name": "том 14",
          "Path": "marx-engels-t14.ls",
          "Hash": "b28c4be43e6f7fa3ac0f85436d525d52"
        },
        {
          "Name": "том 15",
          "Path": "marx-engels-t15.ls",
          "Hash": "b8e597432e6d41156dc993d1303a13e4"
        },
        {
          "Name": "том 16",
          "Path": "marx-engels-t16.ls",
          "Hash": "42e28a9af87963b2ed01c593fb05633b"
        },
        {
          "Name": "том 17",
          "Path": "marx-engels-t17.ls",
          "Hash": "e7409e17e305713b84ad13566048d476"
        },
        {
          "Name": "том 18",
          "Path": "marx-engels-t18.ls",
          "Hash": "e561c36c0d9a5d4899ed1855b9633296"
        },
        {
          "Name": "том 19",
          "Path": "marx-engels-t19.ls",
          "Hash": "84a1963e2133a730fec1cb273279d737"
        },
        {
          "Name": "том 20",
          "Path": "marx-engels-t20.ls",
          "Hash": "c61252c84e9875d0a97632736a5d4925"
        },
        {
          "Name": "том 21",
          "Path": "marx-engels-t21.ls",
          "Hash": "c9012e304e39f4844c4110d2e12d33ea"
        },
        {
          "Name": "том 22",
          "Path": "marx-engels-t22.ls",
          "Hash": "9a519276bf1a91e7b5b33412c276ae2f"
        },
        {
          "Name": "том 23",
          "Path": "marx-engels-t23.ls",
          "Hash": "a7b5f64e278c4bf908e59c6e0d28d2b1"
        },
        {
          "Name": "том 24",
          "Path": "marx-engels-t24.ls",
          "Hash": "0b1fa8870d0bb5062df4faa1bab51c1e"
        },
        {
          "Name": "том 25-1",
          "Path": "marx-engels-t25-1.ls",
          "Hash": "a312976ddc409324c9107d352e7f3b7f"
        },
        {
          "Name": "том 25-2",
          "Path": "marx-engels-t25-2.ls",
          "Hash": "3fb545b06123fda8364b2af9a913dd18"
        },
        {
          "Name": "том 26-1",
          "Path": "marx-engels-t26-1.ls",
          "Hash": "8cbf694588dc1181cee0d61dab55b5d0"
        },
        {
          "Name": "том 26-2",
          "Path": "marx-engels-t26-2.ls",
          "Hash": "4b0b1cc6ca8efcd379a643839befa8b6"
        },
        {
          "Name": "том 26-3",
          "Path": "marx-engels-t26-3.ls",
          "Hash": "41985e2f188ce86eeca737e5c83123bb"
        },
        {
          "Name": "том 27",
          "Path": "marx-engels-t27.ls",
          "Hash": "e6a353cbe2a1e7723dff1eb68f30676a"
        },
        {
          "Name": "том 28",
          "Path": "marx-engels-t28.ls",
          "Hash": "448e4183d29993ef07ca31e497d38fad"
        },
        {
          "Name": "том 29",
          "Path": "marx-engels-t29.ls",
          "Hash": "e94d1c93ff469fac6e04d3bf40bb326f"
        },
        {
          "Name": "том 30",
          "Path": "marx-engels-t30.ls",
          "Hash": "182f6aca329ace12cb5ecfec6ac79722"
        },
        {
          "Name": "том 31",
          "Path": "marx-engels-t31.ls",
          "Hash": "4907b0cd5a4a4dfe0987a910af3a146a"
        },
        {
          "Name": "том 32",
          "Path": "marx-engels-t32.ls",
          "Hash": "62566a406c2aa5aad2bbb8f7a9b6e90e"
        },
        {
          "Name": "том 33",
          "Path": "marx-engels-t33.ls",
          "Hash": "deed28a55062a6b4bd6d381b73eade2d"
        },
        {
          "Name": "том 34",
          "Path": "marx-engels-t34.ls",
          "Hash": "ff39b711c595a17c01980abb206295da"
        },
        {
          "Name": "том 35",
          "Path": "marx-engels-t35.ls",
          "Hash": "94576b34013e7d617733cb19b7c255c5"
        },
        {
          "Name": "том 36",
          "Path": "marx-engels-t36.ls",
          "Hash": "dd0ce09c4d51a71a00819fdff0ccd8f5"
        },
        {
          "Name": "том 37",
          "Path": "marx-engels-t37.ls",
          "Hash": "1f9cfd45249f53c8c3cc7a1be3a93601"
        },
        {
          "Name": "том 38",
          "Path": "marx-engels-t38.ls",
          "Hash": "7bf62a4e00f67e041d1b583e46a38f95"
        },
        {
          "Name": "том 39",
          "Path": "marx-engels-t39.ls",
          "Hash": "4cd6a7b97cfecd4f336adc3793bc1823"
        },
        {
          "Name": "том 40",
          "Path": "marx-engels-t40.ls",
          "Hash": "155e42d79bc4beb0a45b96c6215ca9ef"
        },
        {
          "Name": "том 41",
          "Path": "marx-engels-t41.ls",
          "Hash": "2349d611cae7f842aec4ac51125593aa"
        },
        {
          "Name": "том 42",
          "Path": "marx-engels-t42.ls",
          "Hash": "0bb6f2b02b618627032d129f8c39b63e"
        },
        {
          "Name": "том 43",
          "Path": "marx-engels-t43.ls",
          "Hash": "27092204eef47dbc7ddf0bad12a581cb"
        },
        {
          "Name": "том 44",
          "Path": "marx-engels-t44.ls",
          "Hash": "9b981fe7aafeda41df0a2e3ce224f8fa"
        },
        {
          "Name": "том 45",
          "Path": "marx-engels-t45.ls",
          "Hash": "39ae2265c03c1f146ddeb28b30232de5"
        },
        {
          "Name": "том 46-1",
          "Path": "marx-engels-t46-1.ls",
          "Hash": "403bed9d8aedf9aedeabf80a0dd49cfb"
        },
        {
          "Name": "том 46-2",
          "Path": "marx-engels-t46-2.ls",
          "Hash": "301418f514485f17a2bb64cbb1f28175"
        },
        {
          "Name": "том 47",
          "Path": "marx-engels-t47.ls",
          "Hash": "96a8c93d6ababf2ad9dd5535f9d93b9e"
        },
        {
          "Name": "том 48",
          "Path": "marx-engels-t48.ls",
          "Hash": "273fabb05d31dd178296f9e420cc5734"
        },
        {
          "Name": "том 49",
          "Path": "marx-engels-t49.ls",
          "Hash": "bf6f31382c4f3a45082179808a92c2ac"
        },
        {
          "Name": "том 50",
          "Path": "marx-engels-t50.ls",
          "Hash": "6503cfae066711e20011e31b01b7e8bd"
        }
      ]
    },
    {
      "Name": "Гегель Наука Логики",
      "Description": "Primedia E-launch LLC, 2017",
      "Files": [
        {
          "Name": "том 1. Объективная логика",
          "Path": "hegel-objective-logic.ls",
          "Hash": "xxxxx"
        },
        {
          "Name": "том 2. Субъективная логика",
          "Path": "hegel-subjective-logic.ls",
          "Hash": "xxxxxx"
        }
      ]
    }
  ]
}