[
  {
    "Name": "Ленин ПСС",
    "Selected": true,
    "Description": "ИЗДАТЕЛЬСТВО ПОЛИТИЧЕСКОЙ ЛИТЕРАТУРЫ МОСКВА 1967",
    "Files": [
      {
        "Name": "том 1",
        "Path": "lenin-t01.ls"
      },
      {
        "Name": "том 2",
        "Path": "lenin-t02.ls"
      },
      {
        "Name": "том 3",
        "Path": "lenin-t03.ls"
      },
      {
        "Name": "том 4",
        "Path": "lenin-t04.ls"
      },
      {
        "Name": "том 5",
        "Path": "lenin-t05.ls"
      },
      {
        "Name": "том 6",
        "Path": "lenin-t06.ls"
      },
      {
        "Name": "том 7",
        "Path": "lenin-t07.ls"
      },
      {
        "Name": "том 8",
        "Path": "lenin-t08.ls"
      },
      {
        "Name": "том 9",
        "Path": "lenin-t09.ls"
      },
      {
        "Name": "том 10",
        "Path": "lenin-t10.ls"
      },
      {
        "Name": "том 11",
        "Path": "lenin-t11.ls"
      },
      {
        "Name": "том 12",
        "Path": "lenin-t12.ls"
      },
      {
        "Name": "том 13",
        "Path": "lenin-t13.ls"
      },
      {
        "Name": "том 14",
        "Path": "lenin-t14.ls"
      },
      {
        "Name": "том 15",
        "Path": "lenin-t15.ls"
      },
      {
        "Name": "том 16",
        "Path": "lenin-t16.ls"
      },
      {
        "Name": "том 17",
        "Path": "lenin-t17.ls"
      },
      {
        "Name": "том 18",
        "Path": "lenin-t18.ls"
      },
      {
        "Name": "том 19",
        "Path": "lenin-t19.ls"
      },
      {
        "Name": "том 20",
        "Path": "lenin-t20.ls"
      },
      {
        "Name": "том 21",
        "Path": "lenin-t21.ls"
      },
      {
        "Name": "том 22",
        "Path": "lenin-t22.ls"
      },
      {
        "Name": "том 23",
        "Path": "lenin-t23.ls"
      },
      {
        "Name": "том 24",
        "Path": "lenin-t24.ls"
      },
      {
        "Name": "том 25",
        "Path": "lenin-t25.ls"
      },
      {
        "Name": "том 26",
        "Path": "lenin-t26.ls"
      },
      {
        "Name": "том 27",
        "Path": "lenin-t27.ls"
      },
      {
        "Name": "том 28",
        "Path": "lenin-t28.ls"
      },
      {
        "Name": "том 29",
        "Path": "lenin-t29.ls"
      },
      {
        "Name": "том 30",
        "Path": "lenin-t30.ls"
      },
      {
        "Name": "том 31",
        "Path": "lenin-t31.ls"
      },
      {
        "Name": "том 32",
        "Path": "lenin-t32.ls"
      },
      {
        "Name": "том 33",
        "Path": "lenin-t33.ls"
      },
      {
        "Name": "том 34",
        "Path": "lenin-t34.ls"
      },
      {
        "Name": "том 35",
        "Path": "lenin-t35.ls"
      },
      {
        "Name": "том 36",
        "Path": "lenin-t36.ls"
      },
      {
        "Name": "том 37",
        "Path": "lenin-t37.ls"
      },
      {
        "Name": "том 38",
        "Path": "lenin-t38.ls"
      },
      {
        "Name": "том 39",
        "Path": "lenin-t39.ls"
      },
      {
        "Name": "том 40",
        "Path": "lenin-t40.ls"
      },
      {
        "Name": "том 41",
        "Path": "lenin-t41.ls"
      },
      {
        "Name": "том 42",
        "Path": "lenin-t42.ls"
      },
      {
        "Name": "том 43",
        "Path": "lenin-t43.ls"
      },
      {
        "Name": "том 44",
        "Path": "lenin-t44.ls"
      },
      {
        "Name": "том 45",
        "Path": "lenin-t45.ls"
      },
      {
        "Name": "том 46",
        "Path": "lenin-t46.ls"
      },
      {
        "Name": "том 47",
        "Path": "lenin-t47.ls"
      },
      {
        "Name": "том 48",
        "Path": "lenin-t48.ls"
      },
      {
        "Name": "том 49",
        "Path": "lenin-t49.ls"
      },
      {
        "Name": "том 50",
        "Path": "lenin-t50.ls"
      },
      {
        "Name": "том 51",
        "Path": "lenin-t51.ls"
      },
      {
        "Name": "том 52",
        "Path": "lenin-t52.ls"
      },
      {
        "Name": "том 53",
        "Path": "lenin-t53.ls"
      },
      {
        "Name": "том 54",
        "Path": "lenin-t54.ls"
      },
      {
        "Name": "том 55",
        "Path": "lenin-t55.ls"
      }
    ]
  },
  {
    "Name": "Сталин ПСС",
    "Selected": false,
    "Description": "Институт Маркса-Энгельса-Ленина при ЦК ВКП(б)",
    "Files": [
      {
        "Name": "том 1",
        "Path": "stalin-t01.ls"
      },
      {
        "Name": "том 2",
        "Path": "stalin-t02.ls"
      },
      {
        "Name": "том 3",
        "Path": "stalin-t03.ls"
      },
      {
        "Name": "том 4",
        "Path": "stalin-t04.ls"
      },
      {
        "Name": "том 5",
        "Path": "stalin-t05.ls"
      },
      {
        "Name": "том 6",
        "Path": "stalin-t06.ls"
      },
      {
        "Name": "том 7",
        "Path": "stalin-t07.ls"
      },
      {
        "Name": "том 8",
        "Path": "stalin-t08.ls"
      },
      {
        "Name": "том 9",
        "Path": "stalin-t09.ls"
      },
      {
        "Name": "том 10",
        "Path": "stalin-t10.ls"
      },
      {
        "Name": "том 11",
        "Path": "stalin-t11.ls"
      },
      {
        "Name": "том 12",
        "Path": "stalin-t12.ls"
      },
      {
        "Name": "том 13",
        "Path": "stalin-t13.ls"
      },
      {
        "Name": "том 14",
        "Path": "stalin-t14.ls"
      },
      {
        "Name": "том 15",
        "Path": "stalin-t15.ls"
      },
      {
        "Name": "том 16",
        "Path": "stalin-t16.ls"
      },
      {
        "Name": "том 17",
        "Path": "stalin-t17.ls"
      },
      {
        "Name": "том 18",
        "Path": "stalin-t18.ls"
      }
    ]
  },
  {
    "Name": "Маркс-Энгельс ПСС",
    "Selected": false,
    "Description": "ГОСУДАРСТВЕННОЕ ИЗДАТЕЛЬСТВО ПОЛИТИЧЕСКОЙ ЛИТЕРАТУРЫ Москва 1955",
    "Files": [
      {
        "Name": "том 1",
        "Path": "marxengels-t01.ls"
      },
      {
        "Name": "том 2",
        "Path": "marxengels-t02.ls"
      },
      {
        "Name": "том 3",
        "Path": "marxengels-t03.ls"
      },
      {
        "Name": "том 4",
        "Path": "marxengels-t04.ls"
      },
      {
        "Name": "том 5",
        "Path": "marxengels-t05.ls"
      },
      {
        "Name": "том 6",
        "Path": "marxengels-t06.ls"
      },
      {
        "Name": "том 7",
        "Path": "marxengels-t07.ls"
      },
      {
        "Name": "том 8",
        "Path": "marxengels-t08.ls"
      },
      {
        "Name": "том 9",
        "Path": "marxengels-t09.ls"
      },
      {
        "Name": "том 10",
        "Path": "marxengels-t10.ls"
      },
      {
        "Name": "том 11",
        "Path": "marxengels-t11.ls"
      },
      {
        "Name": "том 12",
        "Path": "marxengels-t12.ls"
      },
      {
        "Name": "том 13",
        "Path": "marxengels-t13.ls"
      },
      {
        "Name": "том 14",
        "Path": "marxengels-t14.ls"
      },
      {
        "Name": "том 15",
        "Path": "marxengels-t15.ls"
      },
      {
        "Name": "том 16",
        "Path": "marxengels-t16.ls"
      },
      {
        "Name": "том 17",
        "Path": "marxengels-t17.ls"
      },
      {
        "Name": "том 18",
        "Path": "marxengels-t18.ls"
      },
      {
        "Name": "том 19",
        "Path": "marxengels-t19.ls"
      },
      {
        "Name": "том 20",
        "Path": "marxengels-t20.ls"
      },
      {
        "Name": "том 21",
        "Path": "marxengels-t21.ls"
      },
      {
        "Name": "том 22",
        "Path": "marxengels-t22.ls"
      },
      {
        "Name": "том 23",
        "Path": "marxengels-t23.ls"
      },
      {
        "Name": "том 24",
        "Path": "marxengels-t24.ls"
      },
      {
        "Name": "том 25-1",
        "Path": "marxengels-t25-1.ls"
      },
      {
        "Name": "том 25-2",
        "Path": "marxengels-t25-2.ls"
      },
      {
        "Name": "том 26-1",
        "Path": "marxengels-t26-1.ls"
      },
      {
        "Name": "том 26-2",
        "Path": "marxengels-t26-2.ls"
      },
      {
        "Name": "том 26-3",
        "Path": "marxengels-t26-3.ls"
      },
      {
        "Name": "том 27",
        "Path": "marxengels-t27.ls"
      },
      {
        "Name": "том 28",
        "Path": "marxengels-t28.ls"
      },
      {
        "Name": "том 29",
        "Path": "marxengels-t29.ls"
      },
      {
        "Name": "том 30",
        "Path": "marxengels-t30.ls"
      },
      {
        "Name": "том 31",
        "Path": "marxengels-t31.ls"
      },
      {
        "Name": "том 32",
        "Path": "marxengels-t32.ls"
      },
      {
        "Name": "том 33",
        "Path": "marxengels-t33.ls"
      },
      {
        "Name": "том 34",
        "Path": "marxengels-t34.ls"
      },
      {
        "Name": "том 35",
        "Path": "marxengels-t35.ls"
      },
      {
        "Name": "том 36",
        "Path": "marxengels-t36.ls"
      },
      {
        "Name": "том 37",
        "Path": "marxengels-t37.ls"
      },
      {
        "Name": "том 38",
        "Path": "marxengels-t38.ls"
      },
      {
        "Name": "том 39",
        "Path": "marxengels-t39.ls"
      },
      {
        "Name": "том 40",
        "Path": "marxengels-t40.ls"
      },
      {
        "Name": "том 41",
        "Path": "marxengels-t41.ls"
      },
      {
        "Name": "том 42",
        "Path": "marxengels-t42.ls"
      },
      {
        "Name": "том 43",
        "Path": "marxengels-t43.ls"        
      },
      {
        "Name": "том 44",
        "Path": "marxengels-t44.ls"        
      },
      {
        "Name": "том 45",
        "Path": "marxengels-t45.ls"        
      },
      {
        "Name": "том 46-1",
        "Path": "marxengels-t46-1.ls"        
      },
      {
        "Name": "том 46-2",
        "Path": "marxengels-t46-2.ls"        
      },
      {
        "Name": "том 47",
        "Path": "marxengels-t47.ls"        
      },
      {
        "Name": "том 48",
        "Path": "marxengels-t48.ls"        
      },
      {
        "Name": "том 49",
        "Path": "marxengels-t49.ls"        
      },
      {
        "Name": "том 50",
        "Path": "marxengels-t50.ls"        
      }
    ]
  },
  {
    "Name": "Гегель Наука Логики",
    "Selected": false,
    "Description": "Primedia E-launch LLC, 2017",
    "Files": [
      {
        "Name": "том 1. Объективная логика",
        "Path": "hegel-objective-logic.ls"        
      },
      {
        "Name": "том 2. Субъективная логика",
        "Path": "hegel-subjective-logic.ls"        
      }
    ]
  }
]