[
  {
    "Name": "Ленин ПСС",
    "Selected": true,
    "Description": "ИЗДАТЕЛЬСТВО ПОЛИТИЧЕСКОЙ ЛИТЕРАТУРЫ МОСКВА 1967",
    "Files": [
      {
        "Name": "том 1",
        "Path": "lenin-t01.ls"
      },
      {
        "Name": "том 2",
        "Path": "lenin-t02.ls"
      },
      {
        "Name": "том 3",
        "Path": "lenin-t03.ls"
      },
      {
        "Name": "том 4",
        "Path": "lenin-t04.ls"
      },
      {
        "Name": "том 5",
        "Path": "lenin-t05.ls"
      },
      {
        "Name": "том 6",
        "Path": "lenin-t06.ls"
      },
      {
        "Name": "том 7",
        "Path": "lenin-t07.ls"
      },
      {
        "Name": "том 8",
        "Path": "lenin-t08.ls"
      },
      {
        "Name": "том 9",
        "Path": "lenin-t09.ls"
      },
      {
        "Name": "том 10",
        "Path": "lenin-t10.ls"
      },
      {
        "Name": "том 11",
        "Path": "lenin-t11.ls"
      },
      {
        "Name": "том 12",
        "Path": "lenin-t12.ls"
      },
      {
        "Name": "том 13",
        "Path": "lenin-t13.ls"
      },
      {
        "Name": "том 14",
        "Path": "lenin-t14.ls"
      },
      {
        "Name": "том 15",
        "Path": "lenin-t15.ls"
      },
      {
        "Name": "том 16",
        "Path": "lenin-t16.ls"
      },
      {
        "Name": "том 17",
        "Path": "lenin-t17.ls"
      },
      {
        "Name": "том 18",
        "Path": "lenin-t18.ls"
      },
      {
        "Name": "том 19",
        "Path": "lenin-t19.ls"
      },
      {
        "Name": "том 20",
        "Path": "lenin-t20.ls"
      },
      {
        "Name": "том 21",
        "Path": "lenin-t21.ls"
      },
      {
        "Name": "том 22",
        "Path": "lenin-t22.ls"
      },
      {
        "Name": "том 23",
        "Path": "lenin-t23.ls"
      },
      {
        "Name": "том 24",
        "Path": "lenin-t24.ls"
      },
      {
        "Name": "том 25",
        "Path": "lenin-t25.ls"
      },
      {
        "Name": "том 26",
        "Path": "lenin-t26.ls"
      },
      {
        "Name": "том 27",
        "Path": "lenin-t27.ls"
      },
      {
        "Name": "том 28",
        "Path": "lenin-t28.ls"
      },
      {
        "Name": "том 29",
        "Path": "lenin-t29.ls"
      },
      {
        "Name": "том 30",
        "Path": "lenin-t30.ls"
      },
      {
        "Name": "том 31",
        "Path": "lenin-t31.ls"
      },
      {
        "Name": "том 32",
        "Path": "lenin-t32.ls"
      },
      {
        "Name": "том 33",
        "Path": "lenin-t33.ls"
      },
      {
        "Name": "том 34",
        "Path": "lenin-t34.ls"
      },
      {
        "Name": "том 35",
        "Path": "lenin-t35.ls"
      },
      {
        "Name": "том 36",
        "Path": "lenin-t36.ls"
      },
      {
        "Name": "том 37",
        "Path": "lenin-t37.ls"
      },
      {
        "Name": "том 38",
        "Path": "lenin-t38.ls"
      },
      {
        "Name": "том 39",
        "Path": "lenin-t39.ls"
      },
      {
        "Name": "том 40",
        "Path": "lenin-t40.ls"
      },
      {
        "Name": "том 41",
        "Path": "lenin-t41.ls"
      },
      {
        "Name": "том 42",
        "Path": "lenin-t42.ls"
      },
      {
        "Name": "том 43",
        "Path": "lenin-t43.ls"
      },
      {
        "Name": "том 44",
        "Path": "lenin-t44.ls"
      },
      {
        "Name": "том 45",
        "Path": "lenin-t45.ls"
      },
      {
        "Name": "том 46",
        "Path": "lenin-t46.ls"
      },
      {
        "Name": "том 47",
        "Path": "lenin-t47.ls"
      },
      {
        "Name": "том 48",
        "Path": "lenin-t48.ls"
      },
      {
        "Name": "том 49",
        "Path": "lenin-t49.ls"
      },
      {
        "Name": "том 50",
        "Path": "lenin-t50.ls"
      },
      {
        "Name": "том 51",
        "Path": "lenin-t51.ls"
      },
      {
        "Name": "том 52",
        "Path": "lenin-t52.ls"
      },
      {
        "Name": "том 53",
        "Path": "lenin-t53.ls"
      },
      {
        "Name": "том 54",
        "Path": "lenin-t54.ls"
      },
      {
        "Name": "том 55",
        "Path": "lenin-t55.ls"
      }
    ]
  }
]