FileName,BlockIndex,BottomIndent,LeftIndent,RightIndent,TopIndent,PixelsPerSymbol,Label
image-000,0,836,181,174,325,37.083333333333336,Garbage
image-002,0,1155,305,61,54,16.074074074074073,Paragraph
image-002,1,1120,359,122,89,15.19047619047619,Paragraph
image-002,2,1084,410,179,125,15.071428571428571,Paragraph
image-003,0,1147,59,79,49,21.35483870967742,Garbage
image-003,1,914,35,52,234,64.81818181818181,Garbage
image-003,2,605,170,188,530,30.78888888888889,Garbage
image-003,3,417,279,277,791,17.428571428571427,Garbage
image-003,4,384,309,295,826,17.818181818181817,Garbage
image-003,5,92,101,95,1115,19.483870967741936,Garbage
image-003,6,49,144,144,1162,13.128205128205128,Garbage
image-004,0,1151,55,83,49,21.35483870967742,Garbage
image-004,1,927,35,64,222,50.07142857142857,Garbage
image-004,2,593,370,399,602,31,Garbage
image-004,3,93,86,101,1117,19.774193548387096,Garbage
image-004,4,48,135,157,1163,15.393939393939394,Garbage
image-005,0,891,34,33,223,12.574556766428106,Paragraph
image-005,1,617,30,31,345,12.961054057526304,Paragraph
image-005,2,588,41,542,625,11.421052631578947,Paragraph
image-005,3,435,31,33,650,12.977555190658638,Paragraph
image-006,0,724,153,152,405,27.837662337662337,Title
image-007,0,759,85,111,373,14.74996677299309,Title
image-007,1,708,286,302,500,12.470588235294118,Title
image-007,2,633,30,50,546,11.921480530594781,Paragraph
image-007,3,175,27,38,608,12.651287316966974,Paragraph
image-007,4,39,31,38,1119,10.862892926296709,Comment
image-008,0,1179,33,744,32,11.5,Garbage
image-008,1,1177,270,262,33,10.307692307692308,Garbage
image-008,2,1083,38,37,97,12.810734463276837,Paragraph
image-008,3,1054,39,562,159,11.705882352941176,Paragraph
image-008,4,839,36,32,186,12.778324862163293,Paragraph
image-008,5,809,39,630,405,11.909090909090908,Paragraph
image-008,6,778,79,32,432,12.087719298245615,Paragraph
image-008,7,747,36,670,465,11.75,Paragraph
image-008,8,533,36,30,491,11.992999114592259,Paragraph
image-008,9,504,36,579,710,12.333333333333334,Paragraph
image-008,10,96,32,34,759,10.668324683080275,Comment
image-008,11,46,33,34,1142,10.487812911725955,Comment
image-009,0,1166,263,270,46,10.26923076923077,Garbage
image-009,1,1167,737,40,43,11.5,Garbage
image-009,2,1071,36,39,107,12.569555484489925,Paragraph
image-009,3,1041,38,518,173,11.619047619047619,Paragraph
image-009,4,978,36,40,201,12.63984461709212,Paragraph
image-009,5,796,36,33,262,12.785619191366317,Paragraph
image-009,6,765,72,39,446,12.527272727272727,Paragraph
image-009,7,736,36,541,476,11.736842105263158,Paragraph
image-009,8,706,571,73,501,13,Paragraph
image-010,0,834,167,170,373,15.433333333333334,Title
image-010,1,780,174,169,429,13.057142857142857,Title
image-010,2,612,32,34,473,12.14449227745936,Paragraph
image-010,3,562,468,74,650,12.9,Paragraph
image-010,4,534,109,599,679,10.222222222222221,Paragraph
image-010,5,508,68,541,701,10.052631578947368,Paragraph
image-010,6,42,54,39,1142,11.035087719298247,Comment
image-011,0,677,312,473,535,15,Garbage
image-011,1,504,97,623,702,11.2,Garbage
image-011,2,516,268,523,702,9,Garbage
image-011,3,515,642,149,703,9,Garbage
image-012,0,811,125,138,373,15.32563025210084,Title
image-012,1,785,268,303,425,12.722222222222221,Title
image-012,2,667,36,33,479,12.61396993810787,Paragraph
image-012,3,516,31,42,573,12.803976396781929,Paragraph
image-012,4,486,34,692,728,12.333333333333334,Paragraph
image-012,5,440,575,77,769,13.454545454545455,Paragraph
image-012,6,408,103,606,807,10.11111111111111,Paragraph
image-012,7,382,61,547,828,10.666666666666666,Paragraph
image-012,8,30,28,41,1103,10.552354337537114,Comment
image-013,0,824,161,176,383,15.433333333333334,Title
image-013,1,771,313,314,438,13.307692307692308,Title
image-013,2,609,31,40,477,12.393650025935427,Paragraph
image-013,3,560,578,80,648,12.909090909090908,Paragraph
image-013,4,532,103,602,681,10.555555555555555,Paragraph
image-013,5,507,60,534,703,10.3,Paragraph
image-013,6,34,32,44,1124,10.791997354497354,Comment
image-014,0,842,167,194,366,13.71875,Title
image-014,1,756,32,42,421,12.366071428571429,Paragraph
image-014,2,605,36,37,483,12.308750533305123,Paragraph
image-014,3,575,39,688,639,9.125,Paragraph
image-014,4,422,36,32,664,12.185817656839673,Paragraph
image-014,5,393,36,463,821,11.148148148148149,Paragraph
image-014,6,301,37,32,848,12.723529769506783,Paragraph
image-014,7,270,41,648,944,11.1,Paragraph
image-014,8,42,40,32,1091,10.366912366912366,Comment
image-015,0,841,265,280,368,14.166666666666666,Title
image-015,1,815,184,195,393,15.592592592592593,Title
image-015,2,788,306,334,420,16,Title
image-015,3,705,38,37,471,12.775989641139475,Paragraph
image-015,4,612,30,27,536,12.689716619677583,Paragraph
image-015,5,276,34,27,627,12.559232599323538,Paragraph
image-015,6,185,36,33,961,12.511150734511391,Paragraph
image-015,7,156,38,682,1058,11.428571428571429,Paragraph
image-015,8,92,39,25,1084,12.315113500597372,Paragraph
image-015,9,31,94,101,1176,10.254237288135593,Comment
image-016,0,1194,272,264,17,9.777777777777779,Garbage
image-016,1,1194,744,30,17,13,Garbage
image-016,2,917,44,27,83,12.563311700379609,Paragraph
image-016,3,886,44,453,327,11.653846153846153,Paragraph
image-016,4,641,38,30,353,12.55107446228011,Paragraph
image-016,5,94,35,32,601,12.1961288572378,Paragraph
image-016,6,63,40,34,1144,13.2,Paragraph
image-016,7,14,67,420,1196,9.484848484848484,Comment
image-017,0,1159,29,743,51,14,Garbage
image-017,1,1159,269,270,51,10.038461538461538,Garbage
image-017,2,972,38,37,114,12.237208302628348,Paragraph
image-017,3,728,37,35,266,12.829538455085803,Paragraph
image-017,4,637,38,34,512,12.820007280726216,Paragraph
image-017,5,606,38,665,606,12.125,Paragraph
image-017,6,545,37,34,634,12.36083916083916,Paragraph
image-018,0,277,331,382,891,43.5,Garbage
image-018,1,93,205,207,1117,10.486486486486486,Garbage
image-019,0,784,105,118,346,14.903574757023033,Title
image-019,1,310,35,34,473,12.456314255599274,Paragraph
image-019,2,280,39,191,932,11.875,Paragraph
image-019,3,62,76,713,1155,11,Garbage
image-019,4,55,91,117,1153,10.385964912280702,Comment
image-019,5,22,63,712,1188,12.5,Garbage
image-020,0,856,134,141,325,13.981481481481481,Title
image-020,1,595,36,35,400,12.196153659349214,Paragraph
image-020,2,474,36,35,644,12.330743879472692,Paragraph
image-020,3,444,38,416,769,11.931034482758621,Paragraph
image-020,4,57,32,33,1024,10.65347794867457,Comment
image-021,0,868,87,100,340,14.951219512195122,Paragraph
image-021,1,728,36,34,388,12.63687229131336,Paragraph
image-021,2,697,36,656,516,12,Paragraph
image-021,3,637,37,32,543,12.410714285714285,Paragraph
image-021,4,605,42,681,607,11,Paragraph
image-021,5,577,414,144,632,12.1,Paragraph
image-021,6,548,494,79,661,11.947368421052632,Paragraph
image-021,7,519,93,540,691,10.4375,Paragraph
image-021,8,494,133,587,719,11.428571428571429,Paragraph
image-021,9,33,93,203,1176,11.2,Comment
image-022,0,852,246,245,354,15.45,Title
image-022,1,774,35,41,401,12.377777777777778,Paragraph
image-022,2,621,36,39,466,12.2604840926992,Paragraph
image-022,3,438,34,37,618,12.807702349507672,Paragraph
image-022,4,408,37,617,805,11.23076923076923,Paragraph
image-022,5,347,37,35,831,12.827213114754098,Paragraph
image-022,6,317,36,614,897,12.5,Paragraph
image-022,7,224,35,40,924,12.27056588316295,Paragraph
image-022,8,195,37,460,1019,12.12,Paragraph
image-022,9,133,32,39,1046,11.954310344827586,Paragraph
image-022,10,45,32,39,1137,11.529054916985952,Comment
image-023,0,1165,266,270,45,10.153846153846153,Garbage
image-023,1,1166,742,35,44,11.5,Garbage
image-023,2,1069,39,32,109,12.540893015030946,Paragraph
image-023,3,978,39,34,169,12.164355418592706,Paragraph
image-023,4,856,35,37,262,12.31937595109022,Paragraph
image-023,5,734,32,33,383,12.294009471021646,Paragraph
image-023,6,704,38,347,509,12.205882352941176,Paragraph
image-023,7,582,37,33,537,12.257048872180452,Paragraph
image-023,8,552,38,556,662,12.117647058823529,Paragraph
image-023,9,459,36,38,687,12.354264449001292,Paragraph
image-023,10,337,36,35,780,12.952450154410064,Paragraph
image-023,11,308,40,610,906,12.5,Paragraph
image-023,12,258,572,78,949,12.5,Paragraph
image-024,0,657,83,130,335,33.713091646915174,Title
image-025,0,871,71,59,336,13.673469387755102,Title
image-025,1,756,39,28,390,12.892924976258309,Paragraph
image-025,2,298,38,30,484,12.235470398370499,Paragraph
image-025,3,267,39,335,945,11.833333333333334,Paragraph
image-025,4,34,80,73,1174,9.953846153846154,Comment
image-026,0,865,207,210,344,15.958333333333334,Title
image-026,1,814,98,99,370,15.618421052631579,Title
image-026,2,740,100,95,442,10.339285714285715,Title
image-026,3,418,37,30,517,12.126531639232168,Paragraph
image-026,4,264,36,28,823,12.690422608244749,Paragraph
image-026,5,142,37,33,976,12.649170451166437,Paragraph
image-026,6,35,40,36,1122,10.281849551414767,Comment
image-027,0,1172,77,33,39,10.454545454545455,Garbage
image-027,1,1016,43,26,103,12.66079260651629,Paragraph
image-027,2,925,44,32,223,12.177100706450256,Paragraph
image-027,3,895,46,435,318,12.76,Paragraph
image-027,4,497,36,31,345,12.612558532345407,Paragraph
image-027,5,314,30,34,743,11.731734288465725,Paragraph
image-027,6,130,29,38,926,12.05506193156767,Paragraph
image-027,7,39,37,41,1109,12.575063442304822,Paragraph
image-028,0,1178,33,742,34,12.5,Garbage
image-028,1,1176,117,122,37,10.584905660377359,Garbage
image-028,2,1081,38,33,96,12.382894736842106,Paragraph
image-028,3,226,36,31,162,12.582011761506323,Paragraph
image-028,4,134,40,31,1014,12.883008658008658,Paragraph
image-028,5,104,36,567,1108,13.133333333333333,Paragraph
image-028,6,43,37,35,1135,13.190909090909091,Paragraph
image-029,0,1172,68,39,41,10.5,Garbage
image-029,1,986,38,36,102,12.230813086192981,Paragraph
image-029,2,529,31,35,253,12.309322835522922,Paragraph
image-029,3,499,35,111,713,11.473684210526315,Paragraph
image-029,4,102,29,39,739,12.534789583109688,Paragraph
image-029,5,42,36,41,1137,12.456937799043061,Paragraph
image-030,0,1178,31,744,33,12.5,Garbage
image-030,1,1179,115,127,34,10.528301886792454,Garbage
image-030,2,1023,36,36,92,11.985998236385822,Paragraph
image-030,3,940,81,671,274,9.6,Garbage
image-030,4,930,210,528,258,8.845238095238095,Garbage
image-030,5,935,318,410,265,8.8125,Garbage
image-030,6,941,453,300,274,9.4,Garbage
image-030,7,930,573,163,259,8.988095238095237,Garbage
image-030,8,934,679,50,264,8.625,Garbage
image-030,9,875,42,680,340,7.8,Garbage
image-030,10,699,39,680,375,7.75,Garbage
image-030,11,841,209,527,341,9.515873015873016,Garbage
image-030,12,818,207,529,396,9.142857142857142,Garbage
image-030,13,788,226,530,426,11,Garbage
image-030,14,760,228,542,455,10,Garbage
image-030,15,712,221,515,502,9.142857142857142,Garbage
image-030,16,699,343,440,516,8.5,Garbage
image-030,17,734,415,260,456,7.8,Garbage
image-030,18,875,515,148,341,9.133333333333333,Garbage
image-030,19,840,416,172,371,8.40625,Garbage
image-030,20,793,518,146,423,9.066666666666666,Garbage
image-030,21,746,593,164,469,10.75,Garbage
image-030,22,841,703,69,370,9.333333333333334,Garbage
image-030,23,757,711,72,456,8.5,Garbage
image-030,24,734,712,68,479,10,Garbage
image-030,25,682,512,148,534,9.333333333333334,Garbage
image-030,26,652,147,513,562,9.333333333333334,Garbage
image-030,27,649,415,259,564,7.875,Garbage
image-030,28,650,582,177,567,8.2,Garbage
image-030,29,649,710,70,562,10,Garbage
image-030,30,618,45,632,597,7.6875,Garbage
image-030,31,619,219,534,598,9.4,Garbage
image-030,32,618,336,438,597,8.666666666666666,Garbage
image-030,33,601,206,525,615,8.625,Garbage
image-030,34,601,515,150,615,9,Garbage
image-030,35,522,44,631,633,7.578125,Garbage
image-030,36,502,45,680,713,7.5,Garbage
image-030,37,583,228,542,633,10,Garbage
image-030,38,531,221,515,684,9.142857142857142,Garbage
image-030,39,501,343,438,633,9.1,Garbage
image-030,40,531,414,259,662,8.01875,Garbage
image-030,41,492,416,303,724,8.1,Garbage
image-030,42,532,582,175,663,10.375,Garbage
image-030,43,490,585,172,724,10.75,Garbage
image-030,44,491,680,50,665,9.15625,Garbage
image-030,45,453,72,440,760,9,Garbage
image-030,46,440,132,505,777,8.578947368421053,Garbage
image-030,47,430,510,148,786,9.466666666666667,Garbage
image-030,48,405,44,631,810,7.8125,Garbage
image-030,49,390,218,533,811,8.283333333333333,Garbage
image-030,50,405,333,437,810,10,Garbage
image-030,51,387,415,262,825,7.6875,Garbage
image-030,52,387,519,261,827,10,Garbage
image-030,53,390,581,176,825,8.6,Garbage
image-030,54,389,695,76,821,14.5,Garbage
image-030,55,364,44,681,851,7.5,Garbage
image-030,56,324,45,680,892,7.5,Garbage
image-030,57,299,42,680,916,7.8,Garbage
image-030,58,349,211,520,850,9.0125,Garbage
image-030,59,308,232,522,906,11.5,Garbage
image-030,60,364,342,440,850,9,Garbage
image-030,61,323,343,440,891,8.5,Garbage
image-030,62,281,317,304,917,8.631578947368421,Garbage
image-030,63,338,512,151,878,9.133333333333333,Garbage
image-030,64,299,582,173,917,9,Garbage
image-030,65,283,571,162,934,8.375,Garbage
image-030,66,282,678,55,918,8.1875,Garbage
image-030,67,258,42,680,958,7.8,Garbage
image-030,68,259,240,527,954,10.5,Garbage
image-030,69,258,342,439,958,9.5,Garbage
image-030,70,211,86,455,1003,8.931034482758621,Garbage
image-030,71,226,449,87,989,8.8,Garbage
image-030,72,174,39,440,1037,9.095238095238095,Garbage
image-030,73,187,415,259,1028,7.875,Garbage
image-030,74,188,574,173,1028,8.833333333333334,Garbage
image-030,75,171,563,162,1046,9.375,Garbage
image-030,76,170,677,49,1028,8.5,Garbage
image-030,77,136,146,518,1081,9.066666666666666,Garbage
image-030,78,45,39,679,1110,7.949999999999999,Garbage
image-030,79,95,232,523,1119,11.25,Garbage
image-030,80,55,240,530,1160,10,Garbage
image-030,81,46,339,437,1110,9.875,Garbage
image-030,82,75,415,304,1140,8.1,Garbage
image-030,83,115,509,149,1101,9.466666666666667,Garbage
image-030,84,75,583,175,1141,8.4,Garbage
image-030,85,58,677,50,1139,8.5625,Garbage
image-031,0,151,289,288,1058,10.619047619047619,Garbage
image-032,0,1197,71,39,12,10.454545454545455,Garbage
image-032,1,1103,39,33,73,11.566810344827587,Paragraph
image-032,2,995,75,681,222,8.8,Garbage
image-032,3,1009,200,534,206,9.785714285714285,Garbage
image-032,4,979,207,540,238,8.833333333333334,Garbage
image-032,5,980,326,401,205,8.517857142857144,Garbage
image-032,6,996,449,303,219,9.6,Garbage
image-032,7,1011,575,163,206,8.857142857142858,Garbage
image-032,8,980,579,169,237,8.666666666666666,Garbage
image-032,9,980,680,47,205,8.44047619047619,Garbage
image-032,10,889,58,667,326,7.5,Garbage
image-032,11,864,58,667,352,7.5,Garbage
image-032,12,839,58,670,377,7.2,Garbage
image-032,13,813,55,670,402,7.5,Garbage
image-032,14,788,56,669,427,7.5,Garbage
image-032,15,834,204,505,383,9.1,Garbage
image-032,16,889,350,431,326,9.5,Garbage
image-032,17,789,348,430,351,9.75,Garbage
image-032,18,864,431,288,326,8.1,Garbage
image-032,19,789,431,288,426,8.1,Garbage
image-032,20,758,431,288,457,8.1,Garbage
image-032,21,890,558,150,326,9.2,Garbage
image-032,22,864,558,146,351,9.6,Garbage
image-032,23,849,582,173,369,9,Garbage
image-032,24,833,558,150,384,9.2,Garbage
image-032,25,763,576,148,436,9.333333333333334,Garbage
image-032,26,890,705,76,326,9.5,Garbage
image-032,27,864,705,77,351,9,Garbage
image-032,28,759,703,77,426,9.5,Garbage
image-032,29,665,73,439,535,8.748251748251748,Garbage
image-032,30,675,508,150,540,9.466666666666667,Garbage
image-032,31,606,57,666,609,7.7,Garbage
image-032,32,592,178,518,609,8.844444444444445,Garbage
image-032,33,607,348,433,607,9.5,Garbage
image-032,34,611,432,290,605,7.8,Garbage
image-032,35,595,549,145,606,8.696969696969695,Garbage
image-032,36,611,703,80,604,8.5,Garbage
image-032,37,511,153,510,706,9.133333333333333,Garbage
image-032,38,515,517,145,703,9.2,Garbage
image-032,39,435,53,672,780,7.5,Garbage
image-032,40,420,166,509,783,8.238095238095237,Garbage
image-032,41,436,346,436,780,9,Garbage
image-032,42,449,429,294,767,7.7,Garbage
image-032,43,449,703,80,766,8.5,Garbage
image-032,44,349,50,672,842,7.65,Garbage
image-032,45,324,52,673,892,7.5,Garbage
image-032,46,263,55,670,953,7.5,Garbage
image-032,47,162,52,673,1028,7.5,Garbage
image-032,48,317,197,510,851,8.567063492063493,Garbage
image-032,49,245,173,513,951,8.734615384615385,Garbage
image-032,50,156,190,508,1031,8.905050505050504,Garbage
image-032,51,325,345,435,841,9.666666666666666,Garbage
image-032,52,263,343,437,952,10,Garbage
image-032,53,187,343,437,1026,10,Garbage
image-032,54,140,317,410,1060,8.625,Garbage
image-032,55,403,427,293,813,8,Garbage
image-032,56,378,429,296,838,7.5,Garbage
image-032,57,354,427,293,862,8,Garbage
image-032,58,302,426,294,887,8,Garbage
image-032,59,277,429,296,938,7.5,Garbage
image-032,60,227,429,296,964,7.5,Garbage
image-032,61,200,429,296,1014,7.5,Garbage
image-032,62,175,424,295,1040,11.571428571428571,Garbage
image-032,63,312,564,150,888,8.133333333333333,Garbage
image-032,64,248,572,160,921,8.538690476190476,Garbage
image-032,65,378,701,80,812,8.75,Garbage
image-032,66,352,702,80,862,9,Garbage
image-032,67,327,701,80,888,9.5,Garbage
image-032,68,277,701,80,914,9.5,Garbage
image-032,69,251,701,82,965,8.5,Garbage
image-032,70,173,699,80,990,9.5,Garbage
image-032,71,101,55,670,1114,7.5,Garbage
image-032,72,100,196,538,1116,9.428571428571429,Garbage
image-032,73,102,344,439,1114,8.5,Garbage
image-032,74,28,61,433,1184,9.272727272727273,Comment
image-033,0,1169,31,745,41,12,Garbage
image-033,1,1168,119,123,44,10.528301886792454,Garbage
image-033,2,891,34,35,105,12.489587819937007,Paragraph
image-033,3,860,77,40,349,12.196428571428571,Paragraph
image-033,4,830,36,540,382,12.444444444444445,Paragraph
image-033,5,494,31,35,409,12.505648195082118,Paragraph
image-033,6,218,33,37,890,10.530164155430668,Comment
image-034,0,886,111,127,322,15.61111111111111,Title
image-034,1,643,36,30,384,12.413577378858905,Paragraph
image-034,2,613,46,30,598,12.066666666666666,Paragraph
image-034,3,369,39,25,628,12.262516350093554,Paragraph
image-034,4,124,44,23,874,12.669781235783017,Paragraph
image-034,5,52,108,221,1153,10.02127659574468,Comment
image-034,6,28,80,700,1185,10,Garbage
image-035,0,1171,39,737,38,12,Garbage
image-035,1,1168,125,117,42,10.528301886792454,Garbage
image-035,2,832,38,30,104,12.518827265483193,Paragraph
image-035,3,740,36,39,409,12.498015873015873,Paragraph
image-035,4,710,80,36,499,13.411764705882353,Paragraph
image-035,5,648,36,33,528,13.100877192982455,Paragraph
image-035,6,160,29,32,594,12.367701553039288,Paragraph
image-035,7,116,90,38,1095,9.73913043478261,Comment
image-035,8,88,29,637,1121,9.571428571428571,Comment
image-035,9,38,29,39,1145,10.139971139971141,Comment
image-036,0,1173,215,211,37,10.38888888888889,Garbage
image-036,1,1174,743,31,34,13,Garbage
image-036,2,925,43,27,101,12.474188553046716,Paragraph
image-036,3,892,47,33,317,12.631578947368421,Paragraph
image-036,4,376,38,29,345,12.346520414172362,Paragraph
image-036,5,132,38,26,863,12.539781978977954,Paragraph
image-036,6,39,77,181,1118,9.998177426438295,Comment
image-037,0,1171,38,737,38,12.5,Garbage
image-037,1,1170,126,116,42,10.528301886792454,Garbage
image-037,2,769,39,29,107,12.615969871904653,Paragraph
image-037,3,128,30,32,470,12.328303867238123,Paragraph
image-037,4,38,68,39,1121,9.963771453133155,Comment
image-038,0,1171,215,211,40,10.38888888888889,Garbage
image-038,1,1172,746,30,38,12,Garbage
image-038,2,984,40,31,105,12.850575434918289,Paragraph
image-038,3,955,42,36,257,12.23728813559322,Paragraph
image-038,4,831,37,33,288,12.550385469593838,Paragraph
image-038,5,741,38,31,411,12.256777873645865,Paragraph
image-038,6,619,36,36,496,11.478754171301446,Paragraph
image-038,7,556,36,41,619,12.91931818181818,Paragraph
image-038,8,600,752,39,619,9,Garbage
image-038,9,159,28,36,686,12.42213287846832,Paragraph
image-038,10,37,66,261,1095,10.31327947845805,Comment
image-039,0,1178,29,746,33,12.5,Garbage
image-039,1,1176,117,125,34,10.528301886792454,Garbage
image-039,2,927,31,33,101,12.561701210547463,Paragraph
image-039,3,533,33,28,314,12.382079259847039,Paragraph
image-039,4,136,36,29,710,12.352853017096324,Paragraph
image-039,5,105,39,365,1107,12.375,Paragraph
image-039,6,43,40,32,1134,12.626953748006379,Paragraph
image-040,0,1173,213,213,37,10.38888888888889,Garbage
image-040,1,1175,742,34,34,12,Garbage
image-040,2,835,39,29,102,12.095674669491238,Paragraph
image-040,3,779,91,27,431,9.742857142857142,Comment
image-040,4,754,36,706,457,11.6,Comment
image-040,5,322,36,30,482,10.72942128469372,Comment
image-040,6,93,37,29,918,10.527823463083143,Comment
image-040,7,69,45,638,1145,9.75,Comment
image-040,8,42,77,125,1165,9.966666666666667,Comment
image-041,0,1174,39,737,37,12,Garbage
image-041,1,1172,127,117,39,10.49056603773585,Garbage
image-041,2,924,38,29,104,12.29280124330008,Paragraph
image-041,3,161,31,30,312,12.351314034426318,Paragraph
image-041,4,86,67,38,1122,9.857142857142858,Comment
image-041,5,63,22,664,1148,10.363636363636363,Comment
image-041,6,37,67,303,1173,10.75,Comment
image-042,0,1176,216,210,36,10.38888888888889,Garbage
image-042,1,1177,746,28,34,13,Garbage
image-042,2,958,44,29,98,12.314651980279493,Paragraph
image-042,3,898,39,32,282,12.190927077444885,Paragraph
image-042,4,378,31,29,345,12.499051551628625,Paragraph
image-042,5,104,29,40,863,11.901133549001704,Paragraph
image-042,6,40,85,85,1166,9.545454545454545,Comment
image-043,0,1182,29,746,28,12.5,Garbage
image-043,1,1181,117,125,31,10.528301886792454,Garbage
image-043,2,964,29,36,95,12.372654313132136,Paragraph
image-043,3,720,27,37,275,12.340099390243966,Paragraph
image-043,4,261,30,37,521,12.49045339507504,Paragraph
image-043,5,108,29,40,981,12.754065792327273,Paragraph
image-043,6,49,71,166,1158,10.053571428571429,Comment
image-044,0,1173,215,211,40,10.38888888888889,Garbage
image-044,1,1173,209,576,40,15,Garbage
image-044,2,1173,744,30,38,13,Garbage
image-044,3,1046,46,37,104,11.89767378215654,Paragraph
image-044,4,892,39,33,193,12.10162134832503,Paragraph
image-044,5,650,36,30,348,12.478942943112976,Paragraph
image-044,6,619,40,32,591,13.481481481481481,Paragraph
image-044,7,40,35,30,622,12.222072809918648,Paragraph
image-045,0,1173,32,743,39,12.5,Garbage
image-045,1,1172,121,122,41,10.50943396226415,Garbage
image-045,2,924,35,33,102,12.401367459864387,Paragraph
image-045,3,892,34,41,319,12.946428571428571,Paragraph
image-045,4,831,28,36,343,12.091269841269842,Paragraph
image-045,5,618,30,33,405,12.625775282703989,Paragraph
image-045,6,589,36,33,623,13.053571428571429,Paragraph
image-045,7,557,36,656,656,12,Paragraph
image-045,8,100,33,35,681,12.475616479368433,Paragraph
image-045,9,38,93,200,1171,10.5625,Paragraph
image-046,0,1172,207,219,40,10.38888888888889,Garbage
image-046,1,1174,738,39,36,11.5,Garbage
image-046,2,1015,36,40,103,12.466258631512869,Paragraph
image-046,3,375,32,32,221,12.359842240121814,Paragraph
image-046,4,38,36,30,869,12.320597590462377,Paragraph
image-047,0,1173,41,734,38,12.5,Garbage
image-047,1,1171,128,114,41,10.528301886792454,Garbage
image-047,2,983,39,29,107,12.281742054785333,Paragraph
image-047,3,802,39,30,253,12.381497332252408,Paragraph
image-047,4,740,39,30,441,12.170325090302862,Paragraph
image-047,5,588,35,34,496,12.661663881927039,Paragraph
image-047,6,436,36,31,655,12.886418041236706,Paragraph
image-047,7,373,36,28,807,12.32023742227247,Paragraph
image-047,8,40,31,30,865,11.936309926304999,Paragraph
image-048,0,156,219,204,1054,10.472222222222221,Garbage
image-049,0,1193,208,218,18,10.38888888888889,Garbage
image-049,1,1196,741,35,16,12,Garbage
image-049,2,246,34,33,81,12.246141097984237,Paragraph
image-049,3,123,36,35,992,12.612802289293473,Paragraph
image-049,4,57,92,306,1150,10.05,Comment
image-049,5,20,93,394,1192,10.096774193548388,Comment
image-050,0,1173,39,738,38,11.5,Garbage
image-050,1,1171,122,117,41,11.22,Garbage
image-050,2,986,37,29,104,12.326569661163187,Paragraph
image-050,3,560,35,29,256,12.213445580531694,Paragraph
image-050,4,346,31,31,683,12.19785981537928,Paragraph
image-050,5,316,39,38,894,12.46551724137931,Paragraph
image-050,6,40,32,31,927,12.37968260896992,Paragraph
image-051,0,1186,232,219,24,10.264705882352942,Garbage
image-051,1,1189,737,34,21,14.5,Garbage
image-051,2,1091,35,40,88,12.075,Paragraph
image-051,3,176,28,33,149,12.032939624370286,Paragraph
image-051,4,79,37,39,1061,11.493462191860045,Paragraph
image-051,5,55,30,428,1155,10.058823529411764,Comment
image-051,6,28,92,685,1184,11.5,Comment
image-052,0,1173,28,747,38,12.5,Garbage
image-052,1,1171,111,125,42,10.641509433962264,Garbage
image-052,2,1107,36,39,101,12.288135593220339,Paragraph
image-052,3,528,28,32,133,12.47676454073573,Paragraph
image-052,4,498,36,356,716,12,Paragraph
image-052,5,102,36,29,742,12.175515770300589,Paragraph
image-052,6,37,80,252,1170,9.551020408163266,Comment
image-053,0,1173,205,221,38,10.38888888888889,Garbage
image-053,1,1173,738,40,40,11,Garbage
image-053,2,986,34,40,103,12.280114895463166,Paragraph
image-053,3,955,36,454,256,11.481481481481481,Paragraph
image-053,4,742,34,38,284,12.241844142375642,Paragraph
image-053,5,133,32,33,497,12.207960884432897,Paragraph
image-053,6,103,39,37,1110,11.67741935483871,Paragraph
image-053,7,41,75,414,1167,10.366666666666667,Comment
image-054,0,1177,33,742,33,12.5,Garbage
image-054,1,1177,117,122,34,10.584905660377359,Garbage
image-054,2,809,31,33,97,12.398695372921827,Paragraph
image-054,3,261,31,32,431,12.346222761299993,Paragraph
image-054,4,201,36,35,977,12.876333961079723,Paragraph
image-054,5,110,33,33,1035,12.162414421204696,Paragraph
image-054,6,50,36,32,1131,11.979015334947539,Paragraph
image-055,0,1169,216,210,45,10.38888888888889,Garbage
image-055,1,1169,744,32,41,12,Garbage
image-055,2,983,40,31,108,12.461592163081905,Paragraph
image-055,3,830,39,32,258,12.688844009098247,Paragraph
image-055,4,618,35,32,412,12.438979329149197,Paragraph
image-055,5,587,38,41,626,12.431034482758621,Paragraph
image-055,6,131,31,33,653,12.497583286015079,Paragraph
image-055,7,100,38,45,1111,11.95,Paragraph
image-055,8,38,93,271,1169,8.89795918367347,Comment
image-056,0,1170,33,744,41,11.5,Garbage
image-056,1,1169,117,125,43,10.528301886792454,Garbage
image-056,2,1045,34,38,104,12.636038131727787,Paragraph
image-056,3,832,35,29,193,12.565538438010677,Paragraph
image-056,4,466,37,28,413,12.47063852239632,Paragraph
image-056,5,436,45,30,772,12.5,Paragraph
image-056,6,100,39,22,808,12.401022916127392,Paragraph
image-056,7,40,82,529,1169,9.45,Comment
image-057,0,1185,201,226,25,10.36111111111111,Garbage
image-057,1,1183,735,41,23,12,Garbage
image-057,2,907,31,34,89,12.371214514731884,Paragraph
image-057,3,875,36,307,337,12.026315789473685,Paragraph
image-057,4,175,31,30,363,12.442480291423653,Paragraph
image-057,5,145,45,30,1069,12.288135593220339,Paragraph
image-057,6,49,46,40,1134,10.162179487179488,Comment
image-058,0,1170,37,740,39,11.5,Garbage
image-058,1,1170,121,116,42,10.622641509433961,Garbage
image-058,2,922,37,33,108,12.083062930422349,Paragraph
image-058,3,221,28,30,321,12.30110995578479,Paragraph
image-058,4,129,31,38,1018,12.21111111111111,Paragraph
image-058,5,39,68,289,1145,10.2985347985348,Comment
image-059,0,1170,215,212,40,10.36111111111111,Garbage
image-059,1,1171,745,33,42,11,Garbage
image-059,2,985,39,29,106,11.939406600368823,Paragraph
image-059,3,649,36,32,255,12.60582826152899,Paragraph
image-059,4,437,36,32,590,12.354140313078844,Paragraph
image-059,5,315,35,33,805,11.775363928376162,Paragraph
image-059,6,42,36,33,927,12.301165891655105,Paragraph
image-060,0,1170,125,117,41,10.528301886792454,Garbage
image-060,1,1105,78,32,103,12.105263157894736,Paragraph
image-060,2,466,32,30,137,12.25527531204888,Paragraph
image-060,3,161,36,30,777,12.118438775996236,Paragraph
image-060,4,39,35,31,1078,12.167037092920731,Paragraph
image-061,0,1170,208,218,41,10.38888888888889,Garbage
image-061,1,1171,738,36,38,13,Garbage
image-061,2,864,35,32,106,12.316914405264038,Paragraph
image-061,3,834,42,701,380,11.4,Paragraph
image-061,4,803,78,40,407,12.4,Paragraph
image-061,5,71,36,27,438,12.340881554963412,Paragraph
image-061,6,41,50,29,1167,12.431034482758621,Paragraph
image-062,0,1171,36,737,40,13.5,Garbage
image-062,1,1170,120,116,43,11.28,Garbage
image-062,2,985,38,30,106,12.306019215864056,Paragraph
image-062,3,709,39,30,256,12.491568064206668,Paragraph
image-062,4,528,37,30,533,12.519224396869136,Paragraph
image-062,5,41,39,29,715,12.40664243778319,Paragraph
image-063,0,1170,207,219,40,10.38888888888889,Garbage
image-063,1,1172,740,34,38,13,Garbage
image-063,2,924,38,33,105,12.387965060272332,Paragraph
image-063,3,894,78,40,318,13.372549019607844,Paragraph
image-063,4,741,36,33,345,12.49142760962473,Paragraph
image-063,5,39,87,373,1169,10,Comment
image-064,0,876,93,121,332,15.421052631578947,Title
image-064,1,824,183,186,384,9.64795918367347,Title
image-064,2,754,92,100,430,10.522321428571429,Title
image-064,3,694,179,171,512,12.857142857142858,Title
image-064,4,609,30,38,567,11.31578947368421,Paragraph
image-064,5,580,38,696,634,11,Paragraph
image-064,6,427,36,31,662,12.308671827859188,Paragraph
image-064,7,122,34,31,814,12.475532446626705,Paragraph
image-064,8,34,72,232,1150,10.129271206690563,Comment
image-065,0,1192,211,189,20,10.526315789473685,Garbage
image-065,1,1195,742,32,17,13,Garbage
image-065,2,1098,42,31,84,12.041666666666668,Paragraph
image-065,3,1068,45,361,145,12.709677419354838,Paragraph
image-065,4,731,36,32,171,12.342723746390698,Paragraph
image-065,5,700,80,46,511,12.254545454545454,Paragraph
image-065,6,486,38,32,542,12.004282210903602,Paragraph
image-065,7,426,38,39,753,13.245283018867925,Paragraph
image-065,8,394,36,629,815,12.272727272727273,Paragraph
image-065,9,120,32,34,844,12.145384296650175,Paragraph
image-065,10,59,38,37,1118,12.790909090909091,Paragraph
image-065,11,14,57,424,1196,9.666666666666666,Comment
image-066,0,1171,33,745,42,11,Garbage
image-066,1,1168,119,117,44,10.641509433962264,Garbage
image-066,2,1044,36,35,108,11.833626956644999,Paragraph
image-066,3,982,36,39,196,12.600258971513135,Paragraph
image-066,4,525,34,30,257,12.856570888209056,Paragraph
image-066,5,371,36,31,715,12.667752050533649,Paragraph
image-066,6,95,36,32,868,12.329632664593015,Paragraph
image-066,7,38,100,88,1169,10.372881355932204,Comment
image-067,0,1183,205,196,28,10.5,Garbage
image-067,1,1185,733,41,25,13,Garbage
image-067,2,661,36,33,87,12.488023557775392,Paragraph
image-067,3,538,38,33,581,12.67231638418079,Paragraph
image-067,4,510,42,681,704,11,Paragraph
image-067,5,414,37,35,762,12.088888888888889,Title
image-067,6,52,36,28,849,12.288843447008396,Paragraph
image-067,7,24,64,713,1187,11.5,Garbage
image-068,0,1148,29,131,62,11.428571428571429,Garbage
image-068,1,1021,33,36,128,12.519753086419753,Paragraph
image-068,2,991,35,666,222,12.375,Paragraph
image-068,3,839,31,38,247,12.693616497116192,Paragraph
image-068,4,809,38,619,404,13,Paragraph
image-068,5,623,29,35,430,12.484647095396426,Paragraph
image-068,6,412,32,36,612,12.537564101700738,Paragraph
image-068,7,319,36,39,829,12.643747823058169,Paragraph
image-069,0,882,66,80,326,15.571428571428571,Title
image-069,1,836,199,202,374,14.777777777777779,Title
image-069,2,795,126,132,414,10.84,Title
image-069,3,167,37,29,463,12.243421853680516,Paragraph
image-069,4,89,76,61,1095,10.43188057652711,Comment
image-069,5,64,37,704,1145,8.428571428571429,Comment
image-069,6,38,76,231,1170,9.48076923076923,Comment
image-070,0,1181,33,739,29,14,Garbage
image-070,1,1179,121,121,33,10.528301886792454,Garbage
image-070,2,1113,37,35,97,11.741935483870968,Paragraph
image-070,3,534,31,33,124,12.440106286089886,Paragraph
image-070,4,348,30,33,706,12.325211176088368,Paragraph
image-070,5,166,28,40,888,12.572884041778737,Paragraph
image-070,6,45,29,41,1071,12.502089838667708,Paragraph
image-071,0,1157,177,597,55,13,Garbage
image-071,1,1156,183,174,56,10.547619047619047,Garbage
image-071,2,1152,742,29,54,14.5,Garbage
image-071,3,936,44,26,117,12.446455033588885,Paragraph
image-071,4,724,38,31,306,12.310575008437931,Paragraph
image-071,5,602,37,30,519,11.75796979282536,Paragraph
image-071,6,449,39,30,641,12.749307473013985,Paragraph
image-071,7,418,39,32,794,13.254545454545454,Paragraph
image-071,8,264,37,31,823,12.314482758620688,Paragraph
image-071,9,81,39,33,975,12.452423067262137,Paragraph
image-071,10,52,43,580,1161,11.8,Paragraph
image-072,0,819,64,71,365,15.041666666666668,Title
image-072,1,745,50,61,439,10.562003968253968,Title
image-072,2,574,33,37,511,11.843472155965548,Paragraph
image-072,3,544,36,388,670,12.129032258064516,Paragraph
image-072,4,391,35,32,695,12.573789228382937,Paragraph
image-072,5,361,35,538,850,9.869565217391305,Paragraph
image-072,6,117,33,30,879,12.721644011850591,Paragraph
image-072,7,39,71,214,1143,10.19636752136752,Comment
image-073,0,1174,127,134,38,10.568627450980392,Garbage
image-073,1,1178,742,36,34,11,Garbage
image-073,2,989,36,37,101,12.34569243828449,Paragraph
image-073,3,897,34,31,246,12.92261904761905,Paragraph
image-073,4,836,39,39,339,12.942156862745097,Paragraph
image-073,5,716,34,34,403,12.489752226777625,Paragraph
image-073,6,654,38,313,528,12.0259009009009,Paragraph
image-073,7,471,37,33,584,12.423580962764726,Paragraph
image-073,8,228,36,33,766,12.252373679132887,Paragraph
image-073,9,198,37,413,1014,12.068965517241379,Paragraph
image-073,10,46,37,36,1041,12.514988790243027,Paragraph
image-074,0,1173,29,745,36,13,Garbage
image-074,1,1173,115,125,39,10.566037735849056,Garbage
image-074,2,834,33,32,102,12.581932891311215,Paragraph
image-074,3,804,38,298,408,12.210526315789474,Paragraph
image-074,4,650,29,34,432,12.917078827901397,Paragraph
image-074,5,619,34,654,593,12.444444444444445,Paragraph
image-074,6,559,28,41,620,12.421717171717173,Paragraph
image-074,7,502,71,36,707,10.661538461538461,Garbage
image-074,8,449,88,531,761,10.647058823529411,Garbage
image-074,9,451,599,97,759,11.555555555555555,Garbage
image-074,10,427,100,635,788,13,Garbage
image-074,11,429,218,573,789,9,Garbage
image-074,12,425,280,355,786,10.3125,Garbage
image-074,13,427,600,112,783,12.571428571428571,Garbage
image-074,14,350,29,49,835,10.432010135135135,Garbage
image-074,15,304,87,288,907,10.119047619047619,Garbage
image-074,16,306,620,114,906,11,Garbage
image-074,17,280,88,683,936,9.666666666666666,Garbage
image-074,18,254,89,685,961,8.666666666666666,Garbage
image-074,19,280,163,628,938,9,Garbage
image-074,20,254,164,627,964,9,Garbage
image-074,21,254,224,447,933,10.647727272727273,Garbage
image-074,22,282,400,391,936,9,Garbage
image-074,23,256,402,391,963,7,Garbage
image-074,24,282,463,330,937,7,Garbage
image-074,25,255,616,120,931,10.933333333333332,Garbage
image-074,26,229,87,685,985,9.333333333333334,Garbage
image-074,27,230,163,628,988,9,Garbage
image-074,28,228,223,125,982,11.024390243902438,Garbage
image-074,29,177,71,40,1031,10.936507936507937,Garbage
image-074,30,108,87,564,1081,9.866666666666667,Garbage
image-074,31,107,616,112,1077,11.8,Garbage
image-074,32,34,31,39,1150,10.390625,Garbage
image-075,0,1174,133,125,37,11.061224489795919,Garbage
image-075,1,1173,741,30,34,14.5,Garbage
image-075,2,1089,98,283,98,10.523809523809524,Garbage
image-075,3,1062,97,674,151,9.666666666666666,Garbage
image-075,4,1064,172,619,154,9,Garbage
image-075,5,1065,252,539,154,9,Garbage
image-075,6,1063,291,241,149,10.307692307692308,Garbage
image-075,7,1114,623,111,95,9.75,Garbage
image-075,8,1065,623,113,121,12.4,Garbage
image-075,9,1037,95,674,176,10.333333333333334,Garbage
image-075,10,1040,173,620,179,7,Garbage
image-075,11,1038,269,387,173,13.090909090909092,Garbage
image-075,12,1039,464,327,179,9,Garbage
image-075,13,1040,525,266,178,9,Garbage
image-075,14,1039,623,112,171,13,Garbage
image-075,15,965,39,34,221,10.68691159586682,Garbage
image-075,16,940,41,588,274,7.434782608695652,Garbage
image-075,17,889,41,32,295,9.1395202020202,Garbage
image-075,18,843,96,215,368,10.1875,Garbage
image-075,19,793,91,679,419,10,Garbage
image-075,20,795,166,623,422,11,Garbage
image-075,21,793,225,362,395,10.2625,Garbage
image-075,22,795,624,109,392,11.8,Garbage
image-075,23,721,35,38,463,10.418253968253968,Garbage
image-075,24,675,95,302,537,10.075,Garbage
image-075,25,627,93,680,561,8.666666666666668,Garbage
image-075,26,574,92,676,613,10.333333333333332,Garbage
image-075,27,653,170,623,567,7,Garbage
image-075,28,627,169,622,591,9,Garbage
image-075,29,602,171,622,617,7,Garbage
image-075,30,577,171,622,643,7,Garbage
image-075,31,651,229,237,562,10.121212121212121,Garbage
image-075,32,627,254,535,590,11,Garbage
image-075,33,602,255,536,615,9,Garbage
image-075,34,575,255,534,642,11,Garbage
image-075,35,574,299,377,586,14.007575757575758,Garbage
image-075,36,626,472,319,591,9,Garbage
image-075,37,602,471,320,616,9,Garbage
image-075,38,576,471,320,643,9,Garbage
image-075,39,601,530,257,591,12,Garbage
image-075,40,577,532,259,642,9,Garbage
image-075,41,576,615,109,535,11.993333333333332,Garbage
image-075,42,372,33,38,684,12.236262228435981,Paragraph
image-075,43,342,36,705,870,11.8,Paragraph
image-075,44,311,75,39,899,12.035087719298245,Paragraph
image-075,45,281,36,523,933,12.05,Paragraph
image-075,46,190,36,35,960,12.447270955165692,Paragraph
image-075,47,159,37,421,1054,11.793103448275861,Paragraph
image-075,48,97,36,49,1080,12.358980044345898,Paragraph
image-075,49,36,31,40,1144,12.428728070175438,Paragraph
image-076,0,1171,36,739,38,12.5,Garbage
image-076,1,1171,125,117,42,10.528301886792454,Garbage
image-076,2,1077,41,37,103,12.542582417582416,Paragraph
image-076,3,1011,59,33,174,10.64516129032258,Garbage
image-076,4,976,103,344,238,9.805555555555555,Garbage
image-076,5,976,638,94,234,11.333333333333334,Garbage
image-076,6,950,99,670,262,10.333333333333334,Garbage
image-076,7,951,187,604,267,9,Garbage
image-076,8,951,298,493,267,9,Garbage
image-076,9,951,383,406,266,11,Garbage
image-076,10,950,455,97,261,10.782608695652174,Garbage
image-076,11,863,39,36,296,10.60758764534006,Garbage
image-076,12,828,101,191,384,10.36734693877551,Garbage
image-076,13,750,97,170,411,10.629891684136966,Garbage
image-076,14,803,638,96,409,11,Garbage
image-076,15,753,637,97,458,13.2,Garbage
image-076,16,652,37,31,507,10.57306425618387,Garbage
image-076,17,541,95,165,594,10.2382250174703,Garbage
image-076,18,594,636,97,618,11.166666666666666,Garbage
image-076,19,543,634,102,667,12.333333333333332,Garbage
image-076,20,501,78,75,707,10.783333333333333,Garbage
image-076,21,456,95,557,757,9.866666666666667,Garbage
image-076,22,457,638,95,753,11.166666666666666,Garbage
image-076,23,384,31,34,800,10.76977279263733,Garbage
image-076,24,325,92,281,864,10.085034013605442,Garbage
image-076,25,350,633,102,861,10.833333333333334,Garbage
image-076,26,325,637,104,886,11.8,Garbage
image-076,27,299,91,681,914,9.333333333333334,Garbage
image-076,28,300,179,612,919,9,Garbage
image-076,29,300,280,511,918,9,Garbage
image-076,30,298,333,104,912,10.371428571428572,Garbage
image-076,31,274,90,686,941,8,Garbage
image-076,32,275,180,613,943,7,Garbage
image-076,33,276,281,512,943,7,Garbage
image-076,34,274,330,381,937,14.833333333333334,Garbage
image-076,35,275,453,340,943,7,Garbage
image-076,36,275,513,280,943,7,Garbage
image-076,37,275,573,220,943,7,Garbage
image-076,38,273,637,102,938,12.2,Garbage
image-076,39,206,28,38,979,10.47012987012987,Garbage
image-076,40,181,30,564,1033,10.3,Garbage
image-076,41,122,88,338,1066,9.493693693693693,Garbage
image-076,42,146,636,98,1065,11,Garbage
image-076,43,121,633,102,1090,13,Garbage
image-076,44,40,29,39,1137,12.557210031347962,Paragraph
image-077,0,1169,131,126,41,10.647058823529411,Garbage
image-077,1,1170,742,32,38,13,Garbage
image-077,2,984,39,30,105,11.856549907829834,Paragraph
image-077,3,710,37,29,253,12.208054805126363,Paragraph
image-077,4,679,38,504,533,12.285714285714286,Paragraph
image-077,5,286,35,36,560,12.65520421260651,Paragraph
image-077,6,255,36,222,958,12.604651162790697,Paragraph
image-077,7,42,35,35,984,12.753237999200307,Paragraph
image-078,0,1176,35,739,35,13,Garbage
image-078,1,1174,122,117,38,10.584905660377359,Garbage
image-078,2,1109,39,36,102,12.719298245614034,Paragraph
image-078,3,713,35,32,133,12.520833295118656,Paragraph
image-078,4,682,37,593,531,12.142857142857142,Paragraph
image-078,5,408,31,33,559,12.52974015832176,Paragraph
image-078,6,309,30,46,848,10.886243386243386,Garbage
image-078,7,265,71,193,946,10.509803921568627,Garbage
image-078,8,224,73,45,986,11,Garbage
image-078,9,198,30,679,1015,10.11111111111111,Garbage
image-078,10,163,89,99,1048,10.736842105263158,Garbage
image-078,11,113,86,682,1098,10.666666666666666,Garbage
image-078,12,115,176,615,1103,9,Garbage
image-078,13,114,268,523,1103,9,Garbage
image-078,14,112,319,336,1099,10.357142857142858,Garbage
image-078,15,112,578,100,1074,10.545454545454547,Garbage
image-078,16,61,89,684,1152,9,Garbage
image-078,17,62,174,615,1155,11,Garbage
image-078,18,62,266,525,1155,9,Garbage
image-078,19,61,318,325,1151,10.466666666666667,Garbage
image-078,20,61,572,99,1127,9.961538461538462,Garbage
image-078,21,36,589,102,1178,9.909090909090908,Garbage
image-079,0,1173,134,121,38,10.686274509803921,Garbage
image-079,1,1176,738,34,33,14,Garbage
image-079,2,1047,40,34,100,12.578731900283623,Paragraph
image-079,3,1017,41,687,194,12,Paragraph
image-079,4,986,78,32,222,13.26923076923077,Paragraph
image-079,5,884,39,39,273,10.995020230314347,Garbage
image-079,6,860,40,674,351,9.555555555555555,Garbage
image-079,7,809,95,563,404,9.466666666666667,Garbage
image-079,8,809,629,97,400,12.333333333333334,Garbage
image-079,9,737,32,45,446,10.433333333333334,Garbage
image-079,10,687,89,289,526,10.047619047619047,Garbage
image-079,11,688,631,103,522,11,Garbage
image-079,12,637,93,677,551,9.333333333333332,Garbage
image-079,13,662,177,614,556,9,Garbage
image-079,14,637,179,612,580,9,Garbage
image-079,15,638,270,521,580,9,Garbage
image-079,16,662,307,427,549,16.5,Garbage
image-079,17,663,422,367,554,11,Garbage
image-079,18,662,482,307,555,11,Garbage
image-079,19,661,630,105,548,13,Garbage
image-079,20,636,323,108,573,10.25,Garbage
image-079,21,555,38,47,623,12.210164835164836,Paragraph
image-079,22,462,36,35,685,12.542054179342315,Paragraph
image-079,23,466,738,36,745,13,Garbage
image-079,24,373,29,38,776,12.623357963875206,Paragraph
image-079,25,343,35,622,870,11.916666666666666,Paragraph
image-079,26,221,34,37,896,12.643700159489633,Paragraph
image-079,27,191,37,444,1022,11.392857142857142,Paragraph
image-079,28,36,37,36,1048,12.328608611693166,Paragraph
image-080,0,1173,40,738,41,11,Garbage
image-080,1,1170,124,116,41,10.566037735849056,Garbage
image-080,2,1075,40,30,105,12.75438596491228,Paragraph
image-080,3,1045,39,349,167,12.875,Paragraph
image-080,4,924,39,25,194,12.519347617524785,Paragraph
image-080,5,893,39,392,320,12.724137931034482,Paragraph
image-080,6,861,83,26,348,12.12280701754386,Paragraph
image-080,7,832,42,576,381,13,Paragraph
image-080,8,529,39,26,408,12.597479371214675,Paragraph
image-080,9,498,39,485,715,12,Paragraph
image-080,10,437,40,33,742,12.745117510758028,Paragraph
image-080,11,407,38,558,806,12.75,Paragraph
image-080,12,133,37,25,834,12.994702910911673,Paragraph
image-080,13,41,37,31,1106,12.683004280769081,Paragraph
image-081,0,1192,131,130,20,10.568627450980392,Garbage
image-081,1,1194,743,33,16,12,Garbage
image-081,2,1066,44,34,84,12.564012365419465,Paragraph
image-081,3,763,38,33,174,12.260840501754119,Paragraph
image-081,4,552,38,30,476,12.803394993089736,Paragraph
image-081,5,522,43,656,692,11.222222222222221,Paragraph
image-081,6,217,38,30,719,12.663808704355253,Paragraph
image-081,7,59,39,33,1048,10.398658605902265,Comment
image-081,8,17,69,420,1194,9.424242424242424,Comment
image-082,0,1115,34,743,94,11.5,Garbage
image-082,1,1113,121,118,99,11.22,Garbage
image-082,2,1019,39,34,164,12.078216171158655,Paragraph
image-082,3,990,39,511,223,11.904761904761905,Paragraph
image-082,4,623,35,31,251,12.579680458497721,Paragraph
image-082,5,379,35,31,616,12.496030838163499,Paragraph
image-082,6,349,37,421,863,11.4,Paragraph
image-082,7,289,36,31,889,12.43859649122807,Paragraph
image-082,8,227,40,33,951,13.033619210977701,Paragraph
image-082,9,199,29,689,1013,13.666666666666666,Paragraph
image-083,0,885,193,209,322,15.307692307692308,Title
image-083,1,835,149,137,374,13.526315789473685,Title
image-083,2,790,136,122,419,10.84,Title
image-083,3,159,39,25,471,12.258210613479708,Paragraph
image-083,4,129,86,308,1080,13.096774193548388,Paragraph
image-083,5,37,86,221,1146,10.022606382978722,Comment
image-083,6,12,72,708,1200,10,Garbage
image-084,0,1178,37,740,32,11.5,Garbage
image-084,1,1177,121,123,36,10.49056603773585,Garbage
image-084,2,901,37,30,97,12.37480236819975,Paragraph
image-084,3,324,37,30,338,12.286338490768273,Paragraph
image-084,4,50,36,30,919,12.584197344893663,Paragraph
image-085,0,1173,174,169,37,10.386363636363637,Garbage
image-085,1,1173,744,31,38,12.5,Garbage
image-085,2,834,40,29,104,12.158472727654516,Paragraph
image-085,3,469,36,30,407,12.524707906626643,Paragraph
image-085,4,438,39,526,773,13.055555555555555,Paragraph
image-085,5,226,37,32,800,12.60522596132076,Paragraph
image-085,6,197,38,556,1016,12.875,Paragraph
image-085,7,45,38,31,1041,12.457726438987091,Paragraph
image-086,0,1186,34,740,23,13,Garbage
image-086,1,1186,118,118,27,11.28,Garbage
image-086,2,878,35,27,92,12.845209582929735,Paragraph
image-086,3,848,37,607,365,12,Paragraph
image-086,4,756,37,32,391,12.687360053739363,Paragraph
image-086,5,727,36,537,486,11.947368421052632,Paragraph
image-086,6,576,35,34,512,12.481844302769893,Paragraph
image-087,0,942,213,318,253,22.416666666666668,Garbage
image-087,1,816,137,196,361,35.92307692307692,Garbage
image-087,2,688,283,374,524,13,Garbage
image-087,3,650,229,330,566,8.925925925925926,Garbage
image-087,4,610,302,378,603,8.571428571428571,Garbage
image-087,5,579,176,264,636,6.545454545454546,Garbage
image-087,6,324,309,381,890,11,Garbage
image-087,7,305,199,286,908,7.159090909090909,Garbage
image-087,8,289,335,427,927,7.6,Garbage
image-088,0,880,81,33,328,12.035087719298245,Paragraph
image-088,1,269,35,32,363,12.568843653331768,Paragraph
image-088,2,41,36,38,989,10.143912822704838,Comment
image-089,0,1175,33,744,37,11.5,Garbage
image-089,1,1173,119,125,39,10.49056603773585,Garbage
image-089,2,987,34,35,103,12.527681704260653,Paragraph
image-089,3,652,31,34,256,12.529342716815416,Paragraph
image-089,4,531,32,35,591,13.162407922924471,Paragraph
image-089,5,104,31,33,710,12.361643777311132,Paragraph
image-089,6,44,95,264,1165,9.382978723404255,Comment
image-090,0,1169,264,268,41,10.72,Garbage
image-090,1,1170,740,37,39,11.5,Garbage
image-090,2,1105,37,35,102,12.338983050847459,Paragraph
image-090,3,802,35,33,136,12.542117418189045,Paragraph
image-090,4,772,38,668,443,11.75,Paragraph
image-090,5,558,37,32,469,12.381168259119116,Paragraph
image-090,6,526,41,530,686,12.722222222222221,Paragraph
image-090,7,406,36,32,712,12.700054734537494,Paragraph
image-090,8,376,37,609,837,11.846153846153847,Paragraph
image-090,9,133,37,34,953,12.862818029923291,Paragraph
image-090,10,41,36,35,1108,11.780925013683635,Paragraph
image-091,0,1176,32,743,35,12.5,Garbage
image-091,1,1174,119,123,38,10.528301886792454,Garbage
image-091,2,925,34,34,101,12.98444675747884,Paragraph
image-091,3,893,35,545,318,12.222222222222221,Paragraph
image-091,4,803,36,35,345,12.465019361976767,Paragraph
image-091,5,757,77,209,454,10.708333333333334,Garbage
image-091,6,695,195,490,499,8.607142857142858,Garbage
image-091,7,726,591,162,490,9.4,Garbage
image-091,8,685,559,138,511,8.583333333333334,Garbage
image-091,9,665,328,266,545,10.3,Garbage
image-091,10,642,231,515,568,10.8,Garbage
image-091,11,641,599,177,569,12,Garbage
image-091,12,615,400,337,595,10.5,Garbage
image-091,13,590,60,531,619,11,Garbage
image-091,14,590,600,174,620,13,Garbage
image-091,15,563,287,221,646,9.733333333333333,Garbage
image-091,16,540,237,530,670,11,Garbage
image-091,17,514,236,528,690,12,Garbage
image-091,18,518,599,172,671,13.25,Garbage
image-091,19,486,339,281,724,10.588235294117647,Garbage
image-091,20,464,235,530,746,11.666666666666666,Garbage
image-091,21,438,69,532,772,10.473684210526315,Garbage
image-091,22,387,234,529,798,12.166666666666668,Garbage
image-091,23,385,597,174,747,13.125,Garbage
image-091,24,360,287,231,850,9.096774193548388,Garbage
image-091,25,338,236,528,873,12,Garbage
image-091,26,311,235,530,898,11.666666666666666,Garbage
image-091,27,311,599,173,875,13.5,Garbage
image-091,28,284,341,281,927,10.470588235294118,Garbage
image-091,29,260,232,530,949,12.666666666666666,Garbage
image-091,30,234,69,532,975,10.473684210526315,Garbage
image-091,31,210,232,530,1001,12.666666666666666,Garbage
image-091,32,209,597,173,951,13.166666666666666,Garbage
image-091,33,181,287,233,1030,9.655172413793103,Garbage
image-091,34,158,235,529,1051,12,Garbage
image-091,35,134,233,532,1075,11.666666666666666,Garbage
image-091,36,133,598,175,1054,12.75,Garbage
image-091,37,40,70,81,1117,9.800530303030303,Comment
image-092,0,1176,262,271,35,10.68,Garbage
image-092,1,1178,738,38,33,12,Garbage
image-092,2,1047,71,531,113,11.807017543859649,Garbage
image-092,3,1115,334,281,96,10.882352941176471,Garbage
image-092,4,1046,597,176,114,12.666666666666666,Garbage
image-092,5,975,232,533,209,11.5,Garbage
image-092,6,1020,288,237,192,8.870967741935484,Garbage
image-092,7,973,598,176,212,14,Garbage
image-092,8,904,68,533,281,10.991228070175438,Garbage
image-092,9,879,233,533,331,11.333333333333334,Garbage
image-092,10,948,335,282,264,10.764705882352942,Garbage
image-092,11,878,598,177,282,12.166666666666666,Garbage
image-092,12,808,231,533,378,11.666666666666668,Garbage
image-092,13,850,285,235,361,9.655172413793103,Garbage
image-092,14,807,597,176,378,12.75,Garbage
image-092,15,763,231,532,449,12.333333333333334,Garbage
image-092,16,780,333,281,432,10.941176470588236,Garbage
image-092,17,761,598,179,449,11.5,Garbage
image-092,18,716,56,538,494,11.444444444444445,Garbage
image-092,19,690,241,533,517,13,Garbage
image-092,20,735,337,287,477,10.352941176470589,Garbage
image-092,21,690,594,178,496,13,Garbage
image-092,22,620,241,532,567,12.75,Garbage
image-092,23,662,285,235,549,9.655172413793103,Garbage
image-092,24,618,594,179,569,12,Garbage
image-092,25,573,242,530,635,14,Garbage
image-092,26,549,70,532,662,11,Garbage
image-092,27,524,245,532,687,11.5,Garbage
image-092,28,592,336,281,618,10.764705882352942,Garbage
image-092,29,523,595,178,638,12.333333333333334,Garbage
image-092,30,453,240,534,734,12.5,Garbage
image-092,31,495,285,235,716,9.655172413793103,Garbage
image-092,32,450,594,178,733,13.25,Garbage
image-092,33,355,56,589,856,10.333333333333334,Garbage
image-092,34,331,237,535,802,12.625,Garbage
image-092,35,425,335,287,786,10.470588235294118,Garbage
image-092,36,329,594,180,807,12.125,Garbage
image-092,37,260,238,536,926,12.5,Garbage
image-092,38,303,285,235,909,9.655172413793103,Garbage
image-092,39,257,592,180,927,13.5,Garbage
image-092,40,214,238,537,996,12.5,Garbage
image-092,41,188,69,539,1023,10.666666666666666,Garbage
image-092,42,162,239,536,1046,12.5,Garbage
image-092,43,231,335,287,978,10.470588235294118,Garbage
image-092,44,161,592,179,999,13.333333333333334,Garbage
image-092,45,116,239,239,1075,11.327586206896552,Garbage
image-092,46,92,236,535,1117,14.5,Garbage
image-092,47,90,592,180,1096,13.5,Garbage
image-092,48,47,238,537,1163,12.5,Garbage
image-092,49,64,331,287,1147,10.705882352941176,Garbage
image-092,50,44,594,183,1166,11.5,Garbage
image-093,0,1179,36,741,34,11.5,Garbage
image-093,1,1176,114,117,37,11.820754716981131,Garbage
image-093,2,1022,37,35,94,12.620063092636753,Paragraph
image-093,3,974,79,37,237,10.523076923076923,Garbage
image-093,4,949,39,694,266,9.571428571428571,Garbage
image-093,5,914,592,161,301,9.4,Garbage
image-093,6,898,226,499,319,9.375,Garbage
image-093,7,877,213,490,337,8.083333333333334,Garbage
image-093,8,873,559,138,323,8.473484848484848,Garbage
image-093,9,817,247,525,365,13.25,Garbage
image-093,10,794,248,527,417,12.5,Garbage
image-093,11,792,600,171,367,13.333333333333334,Garbage
image-093,12,767,291,223,444,9.862068965517242,Garbage
image-093,13,741,314,250,473,10.727272727272727,Garbage
image-093,14,707,78,612,506,11,Garbage
image-093,15,655,53,587,534,9.958333333333332,Garbage
image-093,16,579,53,584,585,10.738095238095239,Garbage
image-093,17,591,246,525,517,12.5,Garbage
image-093,18,590,600,170,519,12.3,Garbage
image-093,19,543,342,275,668,10.764705882352942,Garbage
image-093,20,494,245,525,690,13.5,Garbage
image-093,21,467,71,531,743,11,Garbage
image-093,22,419,246,528,767,12.5,Garbage
image-093,23,417,599,171,691,13,Garbage
image-093,24,356,291,229,829,10.015086206896552,Garbage
image-093,25,291,72,619,897,10.7,Garbage
image-093,26,302,246,528,882,13,Garbage
image-093,27,275,246,526,933,14,Garbage
image-093,28,277,600,171,887,14.833333333333334,Garbage
image-093,29,244,341,279,967,10.588235294117647,Garbage
image-093,30,196,245,527,991,13,Garbage
image-093,31,195,600,171,990,13.75,Garbage
image-093,32,115,38,33,1063,12.830896686159843,Paragraph
image-093,33,48,37,39,1137,10.43465909090909,Garbage
image-094,0,1178,264,268,33,10.72,Garbage
image-094,1,1180,741,33,30,13,Garbage
image-094,2,1087,200,502,109,8.458333333333332,Garbage
image-094,3,1083,558,139,90,8.624747474747474,Garbage
image-094,4,1010,61,616,177,10.180555555555555,Garbage
image-094,5,1004,236,528,157,11.333333333333334,Garbage
image-094,6,1029,599,173,156,13.5,Garbage
image-094,7,1003,601,173,206,13,Garbage
image-094,8,971,284,223,240,9.766666666666667,Garbage
image-094,9,930,93,628,281,9.875,Garbage
image-094,10,922,244,528,264,13,Garbage
image-094,11,923,599,176,262,11.75,Garbage
image-094,12,890,338,280,322,10.705882352941176,Garbage
image-094,13,851,67,619,361,10.363636363636363,Garbage
image-094,14,815,71,587,398,10.142857142857142,Garbage
image-094,15,862,246,531,345,11.5,Garbage
image-094,16,817,241,534,395,12.5,Garbage
image-094,17,790,245,530,422,12.5,Garbage
image-094,18,765,243,531,445,13,Garbage
image-094,19,767,596,175,343,12.3,Garbage
image-094,20,739,281,223,473,9.866666666666667,Garbage
image-094,21,715,245,530,497,12.5,Garbage
image-094,22,715,597,175,495,14,Garbage
image-094,23,687,338,280,522,10.705882352941176,Garbage
image-094,24,663,247,529,546,12,Garbage
image-094,25,638,246,527,572,13.5,Garbage
image-094,26,637,599,175,546,13,Garbage
image-094,27,613,246,527,598,13.5,Garbage
image-094,28,614,601,176,597,11.5,Garbage
image-094,29,473,38,39,645,12.435680698611733,Paragraph
image-094,30,443,38,480,771,12.26086956521739,Paragraph
image-094,31,374,31,41,812,10.46031746031746,Garbage
image-094,32,349,37,439,865,9.818181818181818,Garbage
image-094,33,303,647,106,909,9.4,Garbage
image-094,34,268,223,479,928,8.270833333333332,Garbage
image-094,35,262,616,81,932,8.609848484848484,Garbage
image-094,36,178,241,532,981,12.166666666666666,Garbage
image-094,37,230,595,179,981,13,Garbage
image-094,38,178,595,179,1006,13,Garbage
image-094,39,151,287,239,1061,9.448275862068966,Garbage
image-094,40,127,311,259,1087,10.454545454545455,Garbage
image-094,41,101,364,313,1111,10.25,Garbage
image-094,42,77,56,533,1133,10.55,Garbage
image-094,43,50,333,284,1161,10.764705882352942,Garbage
image-095,0,1170,32,739,38,14.5,Garbage
image-095,1,1169,121,121,42,10.528301886792454,Garbage
image-095,2,1035,247,527,99,12.625,Garbage
image-095,3,1007,63,532,201,11.38888888888889,Garbage
image-095,4,958,246,528,225,13,Garbage
image-095,5,958,599,173,99,12.714285714285714,Garbage
image-095,6,859,293,230,300,9.962317136886101,Garbage
image-095,7,814,56,528,395,10.8,Garbage
image-095,8,783,341,274,427,10.882352941176471,Garbage
image-095,9,754,246,526,456,14,Garbage
image-095,10,730,246,527,481,13.5,Garbage
image-095,11,728,602,172,456,12.75,Garbage
image-095,12,703,246,528,505,13,Garbage
image-095,13,702,598,173,505,14.5,Garbage
image-095,14,561,35,33,553,12.212549697298275,Paragraph
image-095,15,409,36,35,679,12.474055799932326,Paragraph
image-095,16,226,37,32,827,12.49433625435914,Paragraph
image-095,17,176,79,226,1034,10.53191489361702,Garbage
image-095,18,140,594,161,1074,9,Garbage
image-095,19,125,219,509,1090,9,Garbage
image-095,20,104,196,501,1110,8.583333333333334,Garbage
image-095,21,98,565,135,1097,8.348484848484848,Garbage
image-095,22,41,248,526,1144,12.25,Garbage
image-095,23,38,602,171,1149,13.25,Garbage
image-096,0,1164,265,267,46,10.72,Garbage
image-096,1,1166,741,31,42,14,Garbage
image-096,2,1080,297,235,107,10.368131868131869,Garbage
image-096,3,1019,63,583,168,9.779166666666667,Garbage
image-096,4,994,107,625,223,9.714285714285714,Garbage
image-096,5,995,242,532,214,13,Garbage
image-096,6,993,597,178,216,12.5,Garbage
image-096,7,956,290,230,253,9.655172413793103,Garbage
image-096,8,934,246,531,277,11.5,Garbage
image-096,9,934,600,176,277,12,Garbage
image-096,10,901,337,281,310,10.705882352941176,Garbage
image-096,11,852,100,530,333,11.25,Garbage
image-096,12,853,599,175,334,12.5,Garbage
image-096,13,820,287,233,391,9.655172413793103,Garbage
image-096,14,797,244,530,414,13,Garbage
image-096,15,795,598,176,414,13,Garbage
image-096,16,764,338,282,447,10.588235294117647,Garbage
image-096,17,716,102,531,470,11.052083333333332,Garbage
image-096,18,716,599,175,470,13,Garbage
image-096,19,678,290,230,533,9.03225806451613,Garbage
image-096,20,655,244,530,555,13,Garbage
image-096,21,653,599,177,557,12,Garbage
image-096,22,616,340,282,595,10.470588235294118,Garbage
image-096,23,589,237,529,621,11.333333333333334,Garbage
image-096,24,563,71,530,647,10.473684210526315,Garbage
image-096,25,563,596,176,622,13.5,Garbage
image-096,26,421,38,37,694,12.726719694717017,Paragraph
image-096,27,392,38,481,820,11.708333333333334,Paragraph
image-096,28,345,76,235,865,10.404255319148936,Garbage
image-096,29,310,589,166,905,9,Garbage
image-096,30,295,214,514,921,9,Garbage
image-096,31,274,196,506,941,8.166666666666666,Garbage
image-096,32,268,556,141,928,8.200757575757576,Garbage
image-096,33,236,240,532,974,14,Garbage
image-096,34,234,596,177,976,13.5,Garbage
image-096,35,183,295,238,1003,10.420329670329672,Garbage
image-096,36,159,62,584,1051,9.625,Garbage
image-096,37,134,69,587,1081,9.6,Garbage
image-096,38,109,109,626,1106,9.285714285714286,Garbage
image-096,39,108,230,534,1102,12,Garbage
image-096,40,32,232,531,1129,12,Garbage
image-096,41,82,594,177,1103,12.75,Garbage
image-096,42,31,596,177,1154,12.5,Garbage
image-097,0,1181,32,744,30,12,Garbage
image-097,1,1180,117,125,32,10.528301886792454,Garbage
image-097,2,1120,293,227,92,9.655172413793103,Garbage
image-097,3,1097,237,527,114,12,Garbage
image-097,4,1098,603,174,114,11.5,Garbage
image-097,5,1069,342,280,142,10.470588235294118,Garbage
image-097,6,1020,237,525,165,12.333333333333332,Garbage
image-097,7,1021,602,172,166,12,Garbage
image-097,8,992,293,227,218,9.655172413793103,Garbage
image-097,9,969,237,525,240,12.666666666666666,Garbage
image-097,10,971,615,172,242,13,Garbage
image-097,11,942,341,274,269,10.882352941176471,Garbage
image-097,12,868,237,525,291,12.222222222222221,Garbage
image-097,13,868,602,171,291,12.333333333333334,Garbage
image-097,14,840,291,229,371,9.655172413793103,Garbage
image-097,15,817,239,524,393,12.333333333333334,Garbage
image-097,16,817,603,169,393,14,Garbage
image-097,17,790,345,275,421,10.588235294117647,Garbage
image-097,18,742,239,523,445,12.333333333333334,Garbage
image-097,19,741,603,167,446,14.5,Garbage
image-097,20,539,36,31,518,12.359739229944402,Paragraph
image-097,21,508,39,319,704,12.277777777777779,Paragraph
image-097,22,430,40,31,756,10.18864468864469,Garbage
image-097,23,396,594,161,819,9,Garbage
image-097,24,380,222,509,836,8.625,Garbage
image-097,25,360,201,497,855,8.5,Garbage
image-097,26,355,564,133,840,8.200757575757576,Garbage
image-097,27,316,67,579,897,10.266666666666667,Garbage
image-097,28,291,116,615,925,9.857142857142858,Garbage
image-097,29,292,244,520,918,12,Garbage
image-097,30,291,609,165,917,13,Garbage
image-097,31,265,87,601,945,10.181818181818182,Garbage
image-097,32,240,101,617,975,10.25,Garbage
image-097,33,242,242,522,969,12,Garbage
image-097,34,242,607,167,969,13,Garbage
image-097,35,213,295,225,998,9.655172413793103,Garbage
image-097,36,185,69,526,1025,10.25,Garbage
image-097,37,185,606,169,1026,12.5,Garbage
image-097,38,153,348,274,1058,10.470588235294118,Garbage
image-097,39,103,91,595,1082,10.119318181818182,Garbage
image-097,40,104,242,520,1106,12.666666666666666,Garbage
image-097,41,104,605,167,1106,14,Garbage
image-097,42,71,298,225,1140,9.551724137931034,Garbage
image-097,43,47,65,523,1163,10.6,Garbage
image-097,44,48,609,168,1161,11.5,Garbage
image-098,0,1188,263,270,24,10.68,Garbage
image-098,1,1189,736,39,21,12.5,Garbage
image-098,2,1128,336,281,85,10.764705882352942,Garbage
image-098,3,1075,84,608,109,9.78409090909091,Garbage
image-098,4,1077,232,532,132,12,Garbage
image-098,5,1079,598,177,133,12.5,Garbage
image-098,6,1051,287,233,162,9.655172413793103,Garbage
image-098,7,1026,57,531,182,10.6,Garbage
image-098,8,1026,599,177,184,12,Garbage
image-098,9,1000,335,279,212,10.941176470588236,Garbage
image-098,10,949,78,607,235,10.164772727272727,Garbage
image-098,11,951,242,532,259,13,Garbage
image-098,12,951,599,177,258,12,Garbage
image-098,13,923,287,230,289,9.758620689655173,Garbage
image-098,14,898,62,534,311,10.736842105263158,Garbage
image-098,15,898,598,176,311,13,Garbage
image-098,16,873,335,280,338,10.882352941176471,Garbage
image-098,17,822,82,608,362,9.875,Garbage
image-098,18,824,242,532,387,13,Garbage
image-098,19,824,597,175,386,14,Garbage
image-098,20,796,290,227,415,9.758620689655173,Garbage
image-098,21,746,84,605,439,9.920454545454547,Garbage
image-098,22,748,243,531,464,13,Garbage
image-098,23,746,599,175,463,13,Garbage
image-098,24,720,338,280,491,10.705882352941176,Garbage
image-098,25,695,84,601,514,10.454545454545455,Garbage
image-098,26,669,101,620,545,9.875,Garbage
image-098,27,671,247,529,538,12,Garbage
image-098,28,670,601,173,540,13,Garbage
image-098,29,448,39,31,576,12.810268535944344,Paragraph
image-098,30,388,39,32,791,12.457204433497537,Paragraph
image-098,31,113,39,26,855,12.439895535792054,Paragraph
image-098,32,52,48,27,1129,10.450396825396826,Comment
image-098,33,20,73,416,1192,11.985294117647058,Comment
image-099,0,1178,30,746,33,12,Garbage
image-099,1,1179,121,122,36,10.50943396226415,Garbage
image-099,2,1116,385,389,91,13,Title
image-099,3,971,36,39,145,12.280840455840455,Paragraph
image-099,4,635,32,33,270,12.412234321146022,Paragraph
image-099,5,604,38,679,609,11.857142857142858,Paragraph
image-099,6,573,77,33,636,12.545454545454545,Paragraph
image-099,7,145,34,27,669,12.254738789487714,Paragraph
image-099,8,38,36,31,1120,11.247843282659746,Comment
image-100,0,1193,262,264,17,10.96,Garbage
image-100,1,1196,740,34,15,13,Garbage
image-100,2,1068,39,36,84,12.394993181375414,Paragraph
image-100,3,976,38,34,176,12.344199710352159,Paragraph
image-100,4,917,37,39,267,9.792110874200427,Garbage
image-100,5,882,210,521,335,8.625,Garbage
image-100,6,866,192,505,348,8.583333333333334,Garbage
image-100,7,888,591,162,329,9.4,Garbage
image-100,8,855,557,140,345,8.473484848484848,Garbage
image-100,9,807,232,531,378,12.333333333333334,Garbage
image-100,10,807,599,177,379,11.5,Garbage
image-100,11,770,287,233,442,9.655172413793103,Garbage
image-100,12,747,243,531,465,13,Garbage
image-100,13,746,608,175,464,17,Garbage
image-100,14,720,339,281,490,10.588235294117647,Garbage
image-100,15,619,71,581,514,10.28096903096903,Garbage
image-100,16,671,237,530,539,11,Garbage
image-100,17,593,131,649,621,10,Garbage
image-100,18,594,235,525,616,13.333333333333334,Garbage
image-100,19,513,280,217,650,9.447254901960784,Garbage
image-100,20,461,72,578,723,10.23076923076923,Garbage
image-100,21,437,58,528,773,10.7,Garbage
image-100,22,438,601,174,774,12.5,Garbage
image-100,23,404,293,228,807,9.620689655172415,Garbage
image-100,24,381,236,526,829,12.666666666666666,Garbage
image-100,25,380,602,170,830,14,Garbage
image-100,26,349,341,274,863,10.882352941176471,Garbage
image-100,27,274,74,586,888,9.480830280830281,Garbage
image-100,28,265,238,528,921,11,Garbage
image-100,29,289,604,171,922,12.5,Garbage
image-100,30,264,604,171,946,12.5,Garbage
image-100,31,223,73,585,967,10.12142857142857,Garbage
image-100,32,240,240,526,969,11.333333333333334,Garbage
image-100,33,240,605,171,970,12,Garbage
image-100,34,197,120,639,1017,10.25,Garbage
image-100,35,170,294,224,1040,9.724137931034482,Garbage
image-100,36,147,239,522,1061,13,Garbage
image-100,37,146,604,170,1061,13,Garbage
image-100,38,121,341,274,1090,10.882352941176471,Garbage
image-100,39,97,242,525,1113,11,Garbage
image-100,40,97,605,167,1113,14,Garbage
image-100,41,46,72,574,1138,9.99047619047619,Garbage
image-100,42,45,241,522,1163,12.333333333333334,Garbage
image-100,43,46,605,169,1164,13,Garbage
image-100,44,15,75,704,1198,10.5,Garbage
